year,Qa,ID,country
1956,19241.13333,BD_0000001,BD
1957,18646.41667,BD_0000001,BD
1958,21614.28333,BD_0000001,BD
1959,17886.66667,BD_0000001,BD
1960,18555.63333,BD_0000001,BD
1961,18944.38333,BD_0000001,BD
1962,18858.125,BD_0000001,BD
1963,18644.68333,BD_0000001,BD
1964,19483.73333,BD_0000001,BD
1965,18549.45,BD_0000001,BD
1966,22524.18333,BD_0000001,BD
1967,18950.21667,BD_0000001,BD
1968,18566.88333,BD_0000001,BD
1969,17336.41667,BD_0000001,BD
1970,21717.75833,BD_0000001,BD
1971,,BD_0000001,BD
1972,17725.97981,BD_0000001,BD
1973,17996.78333,BD_0000001,BD
1974,21787.45,BD_0000001,BD
1975,18133.68333,BD_0000001,BD
1976,17529.7,BD_0000001,BD
1977,23300.00833,BD_0000001,BD
1978,18376.70833,BD_0000001,BD
1979,20730.85,BD_0000001,BD
1980,19372.26667,BD_0000001,BD
1981,17334.725,BD_0000001,BD
1982,17539.79167,BD_0000001,BD
1983,18856.45,BD_0000001,BD
1984,20760.98333,BD_0000001,BD
1985,19602.94167,BD_0000001,BD
1986,16266.45833,BD_0000001,BD
1987,21508.90833,BD_0000001,BD
1988,23895.575,BD_0000001,BD
1989,25856.01667,BD_0000001,BD
1990,27261.28333,BD_0000001,BD
1991,26862.74167,BD_0000001,BD
1992,20139.14167,BD_0000001,BD
1993,22361.21667,BD_0000001,BD
1994,16980.90833,BD_0000001,BD
1995,21646.45,BD_0000001,BD
1996,21966.175,BD_0000001,BD
1997,18701.55833,BD_0000001,BD
1998,25914.125,BD_0000001,BD
1999,21140.35,BD_0000001,BD
2000,24166.29167,BD_0000001,BD
2001,18470.45833,BD_0000001,BD
2002,18584.38333,BD_0000001,BD
2003,20832.24167,BD_0000001,BD
2004,21526.48333,BD_0000001,BD
2005,18456.85833,BD_0000001,BD
2006,16575.88824,BD_0000001,BD
1963,119.4625,ID_0000024,ID
1964,156.0575,ID_0000024,ID
1965,158.7858333,ID_0000024,ID
1966,169.5175,ID_0000024,ID
1967,136.765,ID_0000024,ID
1968,214.5658333,ID_0000024,ID
1969,183.1125,ID_0000024,ID
1970,214.2416667,ID_0000024,ID
1971,192.78,ID_0000024,ID
1972,147.0841667,ID_0000024,ID
1973,228.8466667,ID_0000024,ID
1974,205.4933333,ID_0000024,ID
1975,215.7408333,ID_0000024,ID
1976,139.1141667,ID_0000024,ID
1977,175.2983333,ID_0000024,ID
1978,224.4325,ID_0000024,ID
1979,200.6816667,ID_0000024,ID
1980,165.6191667,ID_0000024,ID
1981,167.0716667,ID_0000024,ID
1982,132.14,ID_0000024,ID
1983,171.99,ID_0000024,ID
1984,223.2575,ID_0000024,ID
1985,171.2641667,ID_0000024,ID
1986,217.1925,ID_0000024,ID
1987,146.32,ID_0000024,ID
1988,145.0675,ID_0000024,ID
1989,172.2025,ID_0000024,ID
1990,149.6933333,ID_0000024,ID
1991,149.1458333,ID_0000024,ID
1992,258.5575,ID_0000024,ID
1993,230.2758333,ID_0000024,ID
1994,173.7441667,ID_0000024,ID
1995,201.8891667,ID_0000024,ID
1996,220.4366667,ID_0000024,ID
1997,117.0983333,ID_0000024,ID
1998,244.43,ID_0000024,ID
1999,183.1208333,ID_0000024,ID
2000,157.4691667,ID_0000024,ID
2001,227.2083333,ID_0000024,ID
2002,176.2741667,ID_0000024,ID
2003,136.9991667,ID_0000024,ID
2004,150.1433333,ID_0000024,ID
2005,183.8583333,ID_0000024,ID
2006,121.4075,ID_0000024,ID
1972,357.3098361,IN_0000028,IN
1973,631.3476685,IN_0000028,IN
1974,317.1049288,IN_0000028,IN
1975,562.3131507,IN_0000028,IN
1976,241.8201639,IN_0000028,IN
1977,613.0676712,IN_0000028,IN
1978,431.1775342,IN_0000028,IN
1979,145.4337143,IN_0000028,IN
1980,526.6297814,IN_0000028,IN
1981,224.3873425,IN_0000028,IN
1982,268.4241096,IN_0000028,IN
1983,424.260033,IN_0000028,IN
1984,383.2409836,IN_0000028,IN
1985,366.0608219,IN_0000028,IN
1986,284.1278904,IN_0000028,IN
1987,243.339674,IN_0000028,IN
1988,404.6378852,IN_0000028,IN
1989,133.0817726,IN_0000028,IN
1990,556.3127123,IN_0000028,IN
1991,464.2811295,IN_0000028,IN
1992,299.4361366,IN_0000028,IN
1993,316.0623562,IN_0000028,IN
1994,925.7851233,IN_0000028,IN
1995,398.3818904,IN_0000028,IN
1996,224.2791803,IN_0000028,IN
1997,357.2739178,IN_0000028,IN
1998,358.5775342,IN_0000028,IN
1999,728.2314247,IN_0000028,IN
2000,264.4070492,IN_0000028,IN
2001,380.8020548,IN_0000028,IN
2002,280.3073151,IN_0000028,IN
2003,543.9671978,IN_0000028,IN
2004,374.7146721,IN_0000028,IN
2005,641.6886466,IN_0000028,IN
2006,317.2821178,IN_0000028,IN
2007,204.8294027,IN_0000028,IN
2008,260.5734235,IN_0000028,IN
2009,196.2091342,IN_0000028,IN
2010,246.0871397,IN_0000028,IN
2011,550.1736082,IN_0000028,IN
2012,330.9923142,IN_0000028,IN
1972,704.6467186,IN_0000036,IN
1973,2202.820548,IN_0000036,IN
1974,755.149863,IN_0000036,IN
1975,1355.548767,IN_0000036,IN
1976,863.8838798,IN_0000036,IN
1977,1556.921496,IN_0000036,IN
1978,1346.749729,IN_0000036,IN
1979,583.2786356,IN_0000036,IN
1980,1228.207101,IN_0000036,IN
1981,775.127674,IN_0000036,IN
1982,744.6443836,IN_0000036,IN
1983,1142.541647,IN_0000036,IN
1984,1224.889074,IN_0000036,IN
1985,742.5769863,IN_0000036,IN
1986,1200.981364,IN_0000036,IN
1987,511.7360548,IN_0000036,IN
1988,995.3963115,IN_0000036,IN
1989,603.7946301,IN_0000036,IN
1990,1503.022329,IN_0000036,IN
1991,851.0010714,IN_0000036,IN
1992,600.1596448,IN_0000036,IN
1993,1098.189863,IN_0000036,IN
1994,2258.043562,IN_0000036,IN
1995,787.0859437,IN_0000036,IN
1996,749.6504645,IN_0000036,IN
1997,992.4887397,IN_0000036,IN
1998,948.7024384,IN_0000036,IN
1999,1785.660137,IN_0000036,IN
2000,446.0126503,IN_0000036,IN
2001,683.7615068,IN_0000036,IN
2002,716.9808219,IN_0000036,IN
2003,1080.427486,IN_0000036,IN
2004,631.6175956,IN_0000036,IN
2005,998.1851205,IN_0000036,IN
2006,1059.90557,IN_0000036,IN
2007,751.2775041,IN_0000036,IN
2008,514.0013798,IN_0000036,IN
2009,693.2570767,IN_0000036,IN
2010,957.0742356,IN_0000036,IN
2011,1471.85231,IN_0000036,IN
2012,1414.94659,IN_0000036,IN
1966,2191.982641,IN_0000061,IN
1967,2481.689041,IN_0000061,IN
1968,1734.669137,IN_0000061,IN
1969,2857.145764,IN_0000061,IN
1970,3537.09651,IN_0000061,IN
1971,1428.203425,IN_0000061,IN
1972,1124.903475,IN_0000061,IN
1973,3561.916619,IN_0000061,IN
1974,1012.091126,IN_0000061,IN
1975,3331.273337,IN_0000061,IN
1976,2609.636746,IN_0000061,IN
1977,2024.033493,IN_0000061,IN
1978,3103.481356,IN_0000061,IN
1979,2025.705036,IN_0000061,IN
1980,2586.88765,IN_0000061,IN
1981,2696.169197,IN_0000061,IN
1982,1328.553016,IN_0000061,IN
1983,3896.272173,IN_0000061,IN
1984,1193.660014,IN_0000061,IN
1985,1368.246559,IN_0000061,IN
1986,2281.11414,IN_0000061,IN
1987,772.9729534,IN_0000061,IN
1988,3521.800071,IN_0000061,IN
1989,2070.197471,IN_0000061,IN
1990,4337.865997,IN_0000061,IN
1991,1457.968186,IN_0000061,IN
1992,1972.78956,IN_0000061,IN
1993,1162.611614,IN_0000061,IN
1994,3444.970882,IN_0000061,IN
1995,2122.382784,IN_0000061,IN
1996,1341.087918,IN_0000061,IN
1997,1177.309803,IN_0000061,IN
1998,2169.909414,IN_0000061,IN
1999,2317.6468,IN_0000061,IN
2000,2044.918303,IN_0000061,IN
2001,2055.198937,IN_0000061,IN
2002,1404.211595,IN_0000061,IN
2003,2058.652915,IN_0000061,IN
2004,1053.46168,IN_0000061,IN
2005,2665.172959,IN_0000061,IN
2006,3455.01394,IN_0000061,IN
2007,2061.063677,IN_0000061,IN
2008,1327.622959,IN_0000061,IN
2009,739.0029233,IN_0000061,IN
2010,3151.980142,IN_0000061,IN
2011,1689.084203,IN_0000061,IN
2012,2535.878828,IN_0000061,IN
1971,118.6811068,IN_0000067,IN
1972,137.494347,IN_0000067,IN
1973,143.0740164,IN_0000067,IN
1974,78.78643288,IN_0000067,IN
1975,176.3937233,IN_0000067,IN
1976,134.5925874,IN_0000067,IN
1977,179.3631973,IN_0000067,IN
1978,183.552589,IN_0000067,IN
1979,125.8517863,IN_0000067,IN
1980,209.5044399,IN_0000067,IN
1981,114.7386055,IN_0000067,IN
1982,135.0348274,IN_0000067,IN
1983,156.0300055,IN_0000067,IN
1984,186.9090027,IN_0000067,IN
1985,176.0337973,IN_0000067,IN
1986,169.0682329,IN_0000067,IN
1987,71.38353425,IN_0000067,IN
1988,104.6526038,IN_0000067,IN
1989,141.7189288,IN_0000067,IN
1990,278.0498849,IN_0000067,IN
1991,196.3897589,IN_0000067,IN
1992,162.4566393,IN_0000067,IN
1993,150.3660219,IN_0000067,IN
1994,250.8181589,IN_0000067,IN
1995,202.7631616,IN_0000067,IN
1996,148.025153,IN_0000067,IN
1997,125.1351205,IN_0000067,IN
1998,104.8168055,IN_0000067,IN
1999,181.3381808,IN_0000067,IN
2000,138.8383989,IN_0000067,IN
2001,162.8182685,IN_0000067,IN
2002,110.0179452,IN_0000067,IN
2003,173.1943973,IN_0000067,IN
2004,181.9024071,IN_0000067,IN
2005,121.2208904,IN_0000067,IN
2006,238.0278493,IN_0000067,IN
2007,225.3274466,IN_0000067,IN
2008,132.6284454,IN_0000067,IN
2009,92.90133973,IN_0000067,IN
2010,162.6424384,IN_0000067,IN
2011,116.9578548,IN_0000067,IN
2012,166.3102596,IN_0000067,IN
1966,617.6634575,IN_0000071,IN
1967,838.5306493,IN_0000071,IN
1968,445.3400328,IN_0000071,IN
1969,888.8840986,IN_0000071,IN
1970,755.6256027,IN_0000071,IN
1971,491.5353808,IN_0000071,IN
1972,544.9148852,IN_0000071,IN
1973,895.4033288,IN_0000071,IN
1974,289.9674877,IN_0000071,IN
1975,981.8789205,IN_0000071,IN
1976,834.5313306,IN_0000071,IN
1977,709.0901288,IN_0000071,IN
1978,985.9967288,IN_0000071,IN
1979,560.5849425,IN_0000071,IN
1980,961.8286831,IN_0000071,IN
1981,711.6944411,IN_0000071,IN
1982,557.2432932,IN_0000071,IN
1983,861.9083863,IN_0000071,IN
1984,528.8188743,IN_0000071,IN
1985,508.1081507,IN_0000071,IN
1986,771.0077671,IN_0000071,IN
1987,400.4913315,IN_0000071,IN
1988,635.4627787,IN_0000071,IN
1989,607.3758877,IN_0000071,IN
1990,1532.846819,IN_0000071,IN
1991,604.6760137,IN_0000071,IN
1992,777.1780383,IN_0000071,IN
1993,491.3107178,IN_0000071,IN
1994,1297.498926,IN_0000071,IN
1995,693.4192027,IN_0000071,IN
1996,526.9834918,IN_0000071,IN
1997,471.7719315,IN_0000071,IN
1998,546.0115342,IN_0000071,IN
1999,848.5846658,IN_0000071,IN
2000,581.2529918,IN_0000071,IN
2001,1097.361778,IN_0000071,IN
2002,357.9298493,IN_0000071,IN
2003,987.7387753,IN_0000071,IN
2004,611.4037268,IN_0000071,IN
2005,693.0284137,IN_0000071,IN
2006,1174.620775,IN_0000071,IN
2007,790.9727151,IN_0000071,IN
2008,589.192612,IN_0000071,IN
2009,355.0016411,IN_0000071,IN
2010,982.9369041,IN_0000071,IN
2011,438.2519863,IN_0000071,IN
2012,830.8453005,IN_0000071,IN
1972,228.2124645,IN_0000073,IN
1973,290.8408575,IN_0000073,IN
1974,106.7294192,IN_0000073,IN
1975,348.3554356,IN_0000073,IN
1976,278.4417459,IN_0000073,IN
1977,319.5535644,IN_0000073,IN
1978,390.3979288,IN_0000073,IN
1979,235.8995918,IN_0000073,IN
1980,337.2538279,IN_0000073,IN
1981,188.3915288,IN_0000073,IN
1982,197.2973288,IN_0000073,IN
1983,294.1748877,IN_0000073,IN
1984,272.8798033,IN_0000073,IN
1985,260.0182192,IN_0000073,IN
1986,254.9144329,IN_0000073,IN
1987,149.4159342,IN_0000073,IN
1988,181.0703525,IN_0000073,IN
1989,226.2744329,IN_0000073,IN
1990,546.1721288,IN_0000073,IN
1991,297.9871151,IN_0000073,IN
1992,327.9620792,IN_0000073,IN
1993,220.555389,IN_0000073,IN
1994,439.905811,IN_0000073,IN
1995,300.6697562,IN_0000073,IN
1996,186.5942978,IN_0000073,IN
1997,187.7062493,IN_0000073,IN
1998,144.1692986,IN_0000073,IN
1999,250.2218056,IN_0000073,IN
2000,166.5691694,IN_0000073,IN
2001,373.3793123,IN_0000073,IN
2002,108.2591534,IN_0000073,IN
2003,271.907204,IN_0000073,IN
2004,278.1333197,IN_0000073,IN
2005,248.362789,IN_0000073,IN
2006,489.030411,IN_0000073,IN
2007,336.7823781,IN_0000073,IN
2008,211.7147268,IN_0000073,IN
2009,143.7601205,IN_0000073,IN
2010,381.2075863,IN_0000073,IN
2011,153.9160301,IN_0000073,IN
2012,284.5155546,IN_0000073,IN
1966,124.1172493,IN_0000074,IN
1967,173.087526,IN_0000074,IN
1968,119.1705355,IN_0000074,IN
1969,162.4955425,IN_0000074,IN
1970,145.7181151,IN_0000074,IN
1971,110.730811,IN_0000074,IN
1972,120.3679454,IN_0000074,IN
1973,147.0442849,IN_0000074,IN
1974,64.28324932,IN_0000074,IN
1975,149.057211,IN_0000074,IN
1976,150.7229563,IN_0000074,IN
1977,167.6893205,IN_0000074,IN
1978,189.1768164,IN_0000074,IN
1979,121.9461671,IN_0000074,IN
1980,164.4250765,IN_0000074,IN
1981,97.15486027,IN_0000074,IN
1982,95.21368767,IN_0000074,IN
1983,106.0132411,IN_0000074,IN
1984,145.996347,IN_0000074,IN
1985,142.6601425,IN_0000074,IN
1986,120.3738712,IN_0000074,IN
1987,70.91410959,IN_0000074,IN
1988,82.8440765,IN_0000074,IN
1989,116.5873671,IN_0000074,IN
1990,225.9182712,IN_0000074,IN
1991,153.3895945,IN_0000074,IN
1992,140.7367923,IN_0000074,IN
1993,99.23369589,IN_0000074,IN
1994,187.653463,IN_0000074,IN
1995,120.5261425,IN_0000074,IN
1996,69.76906011,IN_0000074,IN
1997,95.33114247,IN_0000074,IN
1998,51.21626027,IN_0000074,IN
1999,84.03791507,IN_0000074,IN
2000,63.76259016,IN_0000074,IN
2001,121.2183918,IN_0000074,IN
2002,37.12100274,IN_0000074,IN
2003,102.3846137,IN_0000074,IN
2004,75.59421585,IN_0000074,IN
2005,56.86241644,IN_0000074,IN
2006,112.4078411,IN_0000074,IN
2007,98.71607945,IN_0000074,IN
2008,60.10659836,IN_0000074,IN
2009,42.50509315,IN_0000074,IN
2010,89.22036438,IN_0000074,IN
2011,40.14398904,IN_0000074,IN
2012,76.72908197,IN_0000074,IN
1966,115.6274247,IN_0000082,IN
1967,78.88429589,IN_0000082,IN
1968,93.39955464,IN_0000082,IN
1969,113.2414219,IN_0000082,IN
1970,223.9259973,IN_0000082,IN
1971,31.78843288,IN_0000082,IN
1972,55.17289344,IN_0000082,IN
1973,182.3418795,IN_0000082,IN
1974,51.29597534,IN_0000082,IN
1975,180.7012575,IN_0000082,IN
1976,176.784377,IN_0000082,IN
1977,117.9835342,IN_0000082,IN
1978,169.753726,IN_0000082,IN
1979,136.3315068,IN_0000082,IN
1980,181.1405464,IN_0000082,IN
1981,173.8745205,IN_0000082,IN
1982,65.3090411,IN_0000082,IN
1983,428.7405205,IN_0000082,IN
1984,23.34480874,IN_0000082,IN
1985,64.48083815,IN_0000082,IN
1986,126.5969863,IN_0000082,IN
1987,46.29232877,IN_0000082,IN
1988,442.264447,IN_0000082,IN
1989,196.6553233,IN_0000082,IN
1990,353.8341096,IN_0000082,IN
1991,33.06907397,IN_0000082,IN
1992,166.5214056,IN_0000082,IN
1993,72.96441644,IN_0000082,IN
1994,161.511463,IN_0000082,IN
1995,129.9285014,IN_0000082,IN
1996,85.41479508,IN_0000082,IN
1997,31.70601096,IN_0000082,IN
1998,137.8575205,IN_0000082,IN
1999,183.9543178,IN_0000082,IN
2000,99.83165027,IN_0000082,IN
2001,131.3868384,IN_0000082,IN
2002,256.4388603,IN_0000082,IN
2003,115.0013753,IN_0000082,IN
2004,8.800128415,IN_0000082,IN
2005,162.8542685,IN_0000082,IN
2006,265.3222356,IN_0000082,IN
2007,55.48350137,IN_0000082,IN
2008,38.62416272,IN_0000082,IN
2009,,IN_0000082,IN
2010,,IN_0000082,IN
2011,82.59772877,IN_0000082,IN
2012,115.4627514,IN_0000082,IN
1966,2499.409307,IN_0000098,IN
1967,3008.196674,IN_0000098,IN
1968,2196.169178,IN_0000098,IN
1969,3011.466773,IN_0000098,IN
1970,3347.669523,IN_0000098,IN
1971,1833.442882,IN_0000098,IN
1972,1551.468243,IN_0000098,IN
1973,3438.256888,IN_0000098,IN
1974,1357.232203,IN_0000098,IN
1975,4114.53817,IN_0000098,IN
1976,3391.23129,IN_0000098,IN
1977,2754.844616,IN_0000098,IN
1978,3747.418764,IN_0000098,IN
1979,2174.475882,IN_0000098,IN
1980,3217.169609,IN_0000098,IN
1981,3299.808945,IN_0000098,IN
1982,1810.708879,IN_0000098,IN
1983,4705.445452,IN_0000098,IN
1984,1818.346391,IN_0000098,IN
1985,1792.027855,IN_0000098,IN
1986,2938.476893,IN_0000098,IN
1987,1150.829381,IN_0000098,IN
1988,4249.445992,IN_0000098,IN
1989,2948.743532,IN_0000098,IN
1990,5797.756981,IN_0000098,IN
1991,2349.36234,IN_0000098,IN
1992,2730.80659,IN_0000098,IN
1993,1881.007055,IN_0000098,IN
1994,4558.780447,IN_0000098,IN
1995,2759.997359,IN_0000098,IN
1996,1895.985167,IN_0000098,IN
1997,1487.816156,IN_0000098,IN
1998,2406.319655,IN_0000098,IN
1999,3005.939312,IN_0000098,IN
2000,2474.283694,IN_0000098,IN
2001,2541.139937,IN_0000098,IN
2002,1668.975362,IN_0000098,IN
2003,2718.258397,IN_0000098,IN
2004,1624.520322,IN_0000098,IN
2005,3313.395756,IN_0000098,IN
2006,4209.862573,IN_0000098,IN
2007,3023.69223,IN_0000098,IN
2008,1904.902885,IN_0000098,IN
2009,932.2321041,IN_0000098,IN
2010,3632.123375,IN_0000098,IN
2011,1803.077603,IN_0000098,IN
2012,2871.015904,IN_0000098,IN
1966,485.2245315,IN_0000099,IN
1967,473.622537,IN_0000099,IN
1968,343.5022978,IN_0000099,IN
1969,562.4591562,IN_0000099,IN
1970,471.5592849,IN_0000099,IN
1971,324.4249233,IN_0000099,IN
1972,330.8081639,IN_0000099,IN
1973,372.2416932,IN_0000099,IN
1974,211.2894712,IN_0000099,IN
1975,523.5877096,IN_0000099,IN
1976,465.9533224,IN_0000099,IN
1977,428.297337,IN_0000099,IN
1978,589.7587808,IN_0000099,IN
1979,376.2043973,IN_0000099,IN
1980,530.6756011,IN_0000099,IN
1981,419.5213315,IN_0000099,IN
1982,434.0420356,IN_0000099,IN
1983,518.0481479,IN_0000099,IN
1984,505.764735,IN_0000099,IN
1985,409.3924466,IN_0000099,IN
1986,634.8425425,IN_0000099,IN
1987,264.7183863,IN_0000099,IN
1988,367.2207732,IN_0000099,IN
1989,436.5916438,IN_0000099,IN
1990,758.8028438,IN_0000099,IN
1991,487.892074,IN_0000099,IN
1992,456.6838989,IN_0000099,IN
1993,384.8768822,IN_0000099,IN
1994,628.6328137,IN_0000099,IN
1995,567.9336822,IN_0000099,IN
1996,459.9266831,IN_0000099,IN
1997,361.7975288,IN_0000099,IN
1998,429.3203233,IN_0000099,IN
1999,510.8795397,IN_0000099,IN
2000,519.1639098,IN_0000099,IN
2001,384.8534603,IN_0000099,IN
2002,246.1602219,IN_0000099,IN
2003,509.8405781,IN_0000099,IN
2004,497.9085492,IN_0000099,IN
2005,414.6899808,IN_0000099,IN
2006,741.9114767,IN_0000099,IN
2007,612.4774658,IN_0000099,IN
2008,448.6542158,IN_0000099,IN
2009,270.9139616,IN_0000099,IN
2010,563.9083534,IN_0000099,IN
2011,351.1092027,IN_0000099,IN
2012,521.2558005,IN_0000099,IN
1966,131.4570137,IN_0000117,IN
1967,187.971726,IN_0000117,IN
1968,122.9708197,IN_0000117,IN
1969,220.3683836,IN_0000117,IN
1970,168.8260274,IN_0000117,IN
1971,136.5975342,IN_0000117,IN
1972,78.82551913,IN_0000117,IN
1973,157.770137,IN_0000117,IN
1974,109.0306849,IN_0000117,IN
1975,167.4983562,IN_0000117,IN
1976,220.9112022,IN_0000117,IN
1977,147.9578082,IN_0000117,IN
1978,164.5490411,IN_0000117,IN
1979,152.9767123,IN_0000117,IN
1980,171.5128415,IN_0000117,IN
1981,122.1616438,IN_0000117,IN
1982,88.10356164,IN_0000117,IN
1983,113.4512329,IN_0000117,IN
1984,112.0601093,IN_0000117,IN
1985,88.15835616,IN_0000117,IN
1986,110.0975342,IN_0000117,IN
1987,71.67222466,IN_0000117,IN
1988,129.5479973,IN_0000117,IN
1989,92.4141726,IN_0000117,IN
1990,201.8092274,IN_0000117,IN
1991,224.6379781,IN_0000117,IN
1992,106.5051484,IN_0000117,IN
1993,145.8528603,IN_0000117,IN
1994,327.9701096,IN_0000117,IN
1995,82.02500824,IN_0000117,IN
1996,117.9365874,IN_0000117,IN
1997,225.1766192,IN_0000117,IN
1998,118.3649863,IN_0000117,IN
1999,165.6817863,IN_0000117,IN
2000,76.14978689,IN_0000117,IN
2001,73.42671507,IN_0000117,IN
2002,82.9684274,IN_0000117,IN
2003,72.46189315,IN_0000117,IN
2004,163.2130492,IN_0000117,IN
2005,332.0307644,IN_0000117,IN
2006,342.5252329,IN_0000117,IN
2007,213.6022959,IN_0000117,IN
2008,121.2602842,IN_0000117,IN
2009,121.4227425,IN_0000117,IN
2010,87.42185205,IN_0000117,IN
2011,118.6488192,IN_0000117,IN
1972,98.8828333333333,IN_0000169,IN
1973,45.0131506849315,IN_0000169,IN
1974,33.5840273972603,IN_0000169,IN
1975,95.8355561643836,IN_0000169,IN
1976,82.7326530054645,IN_0000169,IN
1977,59.2192328767123,IN_0000169,IN
1978,95.9573534246575,IN_0000169,IN
1979,67.756602739726,IN_0000169,IN
1980,74.0599861111111,IN_0000169,IN
1981,73.0407068493151,IN_0000169,IN
1982,63.9182164383562,IN_0000169,IN
1983,73.6953671232877,IN_0000169,IN
1984,39.6390464480874,IN_0000169,IN
1985,54.0257260273973,IN_0000169,IN
1986,71.4336383561644,IN_0000169,IN
1987,24.3224904109589,IN_0000169,IN
1988,76.3888764044944,IN_0000169,IN
1989,55.0500821917808,IN_0000169,IN
1990,211.117038356164,IN_0000169,IN
1991,112.01504109589,IN_0000169,IN
1992,133.044653005464,IN_0000169,IN
1993,45.3626438356164,IN_0000169,IN
1994,102.573816438356,IN_0000169,IN
1995,152.244994520548,IN_0000169,IN
1996,44.7513442622951,IN_0000169,IN
1997,48.5016493150685,IN_0000169,IN
1998,60.1481232876712,IN_0000169,IN
1999,46.740904109589,IN_0000169,IN
2000,38.0669590163934,IN_0000169,IN
2001,66.9728410958904,IN_0000169,IN
2002,22.2321342465753,IN_0000169,IN
2003,104.766832876712,IN_0000169,IN
2004,89.9346092896175,IN_0000169,IN
2005,81.0320136986301,IN_0000169,IN
2006,202.670128767123,IN_0000169,IN
2007,123.317890410959,IN_0000169,IN
2008,103.536196721311,IN_0000169,IN
2009,88.706298630137,IN_0000169,IN
2010,95.9247123287671,IN_0000169,IN
2011,65.7588712328767,IN_0000169,IN
2012,72.2410683060109,IN_0000169,IN
1972,240.602459016393,IN_0000176,IN
1973,326.209315068493,IN_0000176,IN
1974,230.201095890411,IN_0000176,IN
1975,340.523287671233,IN_0000176,IN
1976,120.585819672131,IN_0000176,IN
1977,240.093698630137,IN_0000176,IN
1978,301.300845070423,IN_0000176,IN
1979,272.877534246575,IN_0000176,IN
1980,364.850491803279,IN_0000176,IN
1981,300.444383561644,IN_0000176,IN
1982,142.921369863014,IN_0000176,IN
1983,157.608493150685,IN_0000176,IN
1984,261.26693989071,IN_0000176,IN
1985,134.415342465753,IN_0000176,IN
1986,127.614794520548,IN_0000176,IN
1987,72.4750136986301,IN_0000176,IN
1988,122.360928961749,IN_0000176,IN
1989,136.714857954545,IN_0000176,IN
1990,134.87095890411,IN_0000176,IN
1991,226.173589041096,IN_0000176,IN
1992,299.076147540984,IN_0000176,IN
1993,157.60704109589,IN_0000176,IN
1994,343.038767123288,IN_0000176,IN
1995,148.209095890411,IN_0000176,IN
1996,164.106557377049,IN_0000176,IN
1997,232.350410958904,IN_0000176,IN
1998,192.023287671233,IN_0000176,IN
1999,211.178684931507,IN_0000176,IN
2000,220.441420765027,IN_0000176,IN
2001,154.630654794521,IN_0000176,IN
2002,123.97957260274,IN_0000176,IN
2003,100.086320547945,IN_0000176,IN
2004,137.319994535519,IN_0000176,IN
2005,269.374624657534,IN_0000176,IN
2006,267.999235616438,IN_0000176,IN
2007,314.490964383562,IN_0000176,IN
2008,205.562355191257,IN_0000176,IN
2009,166.510369863014,IN_0000176,IN
2010,138.17635890411,IN_0000176,IN
2011,188.416542465753,IN_0000176,IN
2012,71.458825136612,IN_0000176,IN
1972,478.4220765,IN_0000234,IN
1973,1082.948904,IN_0000234,IN
1974,310.7400082,IN_0000234,IN
1975,957.4690301,IN_0000234,IN
1976,738.7717951,IN_0000234,IN
1977,782.5860082,IN_0000234,IN
1978,875.5851342,IN_0000234,IN
1979,305.739326,IN_0000234,IN
1980,999.3943798,IN_0000234,IN
1981,579.0745205,IN_0000234,IN
1982,456.3977808,IN_0000234,IN
1983,636.8738082,IN_0000234,IN
1984,630.2053005,IN_0000234,IN
1985,760.7091233,IN_0000234,IN
1986,781.9476712,IN_0000234,IN
1987,351.7933068,IN_0000234,IN
1988,348.7343443,IN_0000234,IN
1989,302.4479425,IN_0000234,IN
1990,1066.336118,IN_0000234,IN
1991,670.029863,IN_0000234,IN
1992,545.2291585,IN_0000234,IN
1993,554.9691589,IN_0000234,IN
1994,1603.913041,IN_0000234,IN
1995,620.8094795,IN_0000234,IN
1996,412.4723224,IN_0000234,IN
1997,553.4638904,IN_0000234,IN
1998,611.2900274,IN_0000234,IN
1999,648.7441918,IN_0000234,IN
2000,263.7951585,IN_0000234,IN
2001,905.4856219,IN_0000234,IN
2002,311.5047068,IN_0000234,IN
2003,968.9233315,IN_0000234,IN
2004,569.4684016,IN_0000234,IN
2005,826.7629863,IN_0000234,IN
2006,761.0880521,IN_0000234,IN
2007,812.4855096,IN_0000234,IN
2008,423.5727268,IN_0000234,IN
2009,475.9490795,IN_0000234,IN
2010,631.0758904,IN_0000234,IN
2011,711.3963644,IN_0000234,IN
2012,665.6336612,IN_0000234,IN
1972,164.5467213,IN_0000243,IN
1973,229.5767123,IN_0000243,IN
1974,79.72421918,IN_0000243,IN
1975,244.5510411,IN_0000243,IN
1976,108.9563579,IN_0000243,IN
1977,236.7200959,IN_0000243,IN
1978,131.3634219,IN_0000243,IN
1979,42.89788219,IN_0000243,IN
1980,226.4266284,IN_0000243,IN
1981,124.220463,IN_0000243,IN
1982,127.6425233,IN_0000243,IN
1983,135.297989,IN_0000243,IN
1984,193.8458743,IN_0000243,IN
1985,149.3125753,IN_0000243,IN
1986,170.1222877,IN_0000243,IN
1987,124.1049562,IN_0000243,IN
1988,96.7231612,IN_0000243,IN
1989,78.5675589,IN_0000243,IN
1990,134.7187178,IN_0000243,IN
1991,167.9306301,IN_0000243,IN
1992,81.34455191,IN_0000243,IN
1993,77.00083288,IN_0000243,IN
1994,362.9215342,IN_0000243,IN
1995,85.68717808,IN_0000243,IN
1996,102.4859016,IN_0000243,IN
1997,82.73923836,IN_0000243,IN
1998,197.5964959,IN_0000243,IN
1999,152.5471781,IN_0000243,IN
2000,79.19155738,IN_0000243,IN
2001,216.3152466,IN_0000243,IN
2002,146.4217014,IN_0000243,IN
2003,207.8190466,IN_0000243,IN
2004,150.7957623,IN_0000243,IN
2005,132.0496274,IN_0000243,IN
2006,106.6341452,IN_0000243,IN
2007,89.90871233,IN_0000243,IN
2008,59.79570492,IN_0000243,IN
2009,37.92403836,IN_0000243,IN
2010,47.93893151,IN_0000243,IN
2011,137.0450549,IN_0000243,IN
2012,73.51090411,IN_0000243,IN
1972,85.52284699,IN_0000253,IN
1973,317.465274,IN_0000253,IN
1974,170.8237616,IN_0000253,IN
1975,203.7615288,IN_0000253,IN
1976,151.1054426,IN_0000253,IN
1977,307.5522192,IN_0000253,IN
1978,252.095126,IN_0000253,IN
1979,68.81299452,IN_0000253,IN
1980,130.8007131,IN_0000253,IN
1981,133.3030822,IN_0000253,IN
1982,88.38513425,IN_0000253,IN
1983,116.9506247,IN_0000253,IN
1984,261.3864208,IN_0000253,IN
1985,242.3470493,IN_0000253,IN
1986,134.3758329,IN_0000253,IN
1987,167.1196192,IN_0000253,IN
1988,197.695612,IN_0000253,IN
1989,212.123863,IN_0000253,IN
1990,295.7956575,IN_0000253,IN
1991,158.7633397,IN_0000253,IN
1992,103.9983415,IN_0000253,IN
1993,174.2645342,IN_0000253,IN
1994,416.7004959,IN_0000253,IN
1995,259.6095644,IN_0000253,IN
1996,227.1004563,IN_0000253,IN
1997,335.154789,IN_0000253,IN
1998,179.8364027,IN_0000253,IN
1999,315.7273425,IN_0000253,IN
2000,115.9741503,IN_0000253,IN
2001,248.6525534,IN_0000253,IN
2002,147.9464822,IN_0000253,IN
2003,135.8393699,IN_0000253,IN
2004,155.2917322,IN_0000253,IN
2005,98.85466575,IN_0000253,IN
2006,330.3204027,IN_0000253,IN
2007,381.3064,IN_0000253,IN
2008,317.331235,IN_0000253,IN
2009,239.3971945,IN_0000253,IN
2010,58.19026301,IN_0000253,IN
2011,424.0811726,IN_0000253,IN
2012,227.5225301,IN_0000253,IN
1971,467.430410958904,IN_0000315,IN
1972,373.995775956284,IN_0000315,IN
1973,373.661643835616,IN_0000315,IN
1974,400.483561643836,IN_0000315,IN
1975,496.928767123288,IN_0000315,IN
1976,263.070491803279,IN_0000315,IN
1977,405.890673972603,IN_0000315,IN
1978,515.482465753425,IN_0000315,IN
1979,324.035068493151,IN_0000315,IN
1980,527.055464480874,IN_0000315,IN
1981,465.350136986301,IN_0000315,IN
1982,339.563342465753,IN_0000315,IN
1983,358.568219178082,IN_0000315,IN
1984,346.577595628415,IN_0000315,IN
1985,300.398904109589,IN_0000315,IN
1986,308.461095890411,IN_0000315,IN
1987,211.582191780822,IN_0000315,IN
1988,292.093540983607,IN_0000315,IN
1989,298.068578082192,IN_0000315,IN
1990,394.965808219178,IN_0000315,IN
1991,353.395580821918,IN_0000315,IN
1992,399.244368852459,IN_0000315,IN
1993,304.211816438356,IN_0000315,IN
1994,475.38197260274,IN_0000315,IN
1995,322.064164383562,IN_0000315,IN
1996,317.541836065574,IN_0000315,IN
1997,381.071169863014,IN_0000315,IN
1998,395.374975342466,IN_0000315,IN
1999,373.464099125364,IN_0000315,IN
2000,,IN_0000315,IN
2001,273.600210958904,IN_0000315,IN
2002,203.237832876712,IN_0000315,IN
2003,242.712126027397,IN_0000315,IN
2004,277.008745901639,IN_0000315,IN
2005,383.850736986301,IN_0000315,IN
2006,439.254547945206,IN_0000315,IN
2007,473.714312328767,IN_0000315,IN
2008,361.452789772727,IN_0000315,IN
2009,377.554238356164,IN_0000315,IN
2010,377.8104,IN_0000315,IN
2011,383.99257260274,IN_0000315,IN
2012,295.388013661202,IN_0000315,IN
1955,195.827863,JP_0000367,JP
1956,215.6584426,JP_0000367,JP
1957,,JP_0000367,JP
1958,220.5738904,JP_0000367,JP
1959,198.4844384,JP_0000367,JP
1960,176.8106557,JP_0000367,JP
1961,185.7358904,JP_0000367,JP
1962,194.2378082,JP_0000367,JP
1963,183.1326027,JP_0000367,JP
1964,189.8098361,JP_0000367,JP
1965,221.9808219,JP_0000367,JP
1966,212.7654795,JP_0000367,JP
1967,179.673726,JP_0000367,JP
1968,166.4973224,JP_0000367,JP
1969,191.9509315,JP_0000367,JP
1970,183.2492877,JP_0000367,JP
1971,206.1563288,JP_0000367,JP
1972,207.4239891,JP_0000367,JP
1973,175.2800548,JP_0000367,JP
1974,260.4153699,JP_0000367,JP
1975,170.5186849,JP_0000367,JP
1976,207.6387705,JP_0000367,JP
1977,222.4733151,JP_0000367,JP
1978,211.0812603,JP_0000367,JP
1979,198.1494795,JP_0000367,JP
1980,258.7328962,JP_0000367,JP
1981,278.9466575,JP_0000367,JP
1982,187.1281644,JP_0000367,JP
1983,204.4327123,JP_0000367,JP
1984,182.3065301,JP_0000367,JP
1985,186.9477808,JP_0000367,JP
1986,209.6707945,JP_0000367,JP
1987,189.2501644,JP_0000367,JP
1988,231.0004918,JP_0000367,JP
1989,178.5939178,JP_0000367,JP
1990,167.0574795,JP_0000367,JP
1991,257.0409041,JP_0000367,JP
1992,168.6489617,JP_0000367,JP
1993,236.0064658,JP_0000367,JP
1994,176.2021918,JP_0000367,JP
1995,231.5174795,JP_0000367,JP
1996,228.4497814,JP_0000367,JP
1997,216.0539452,JP_0000367,JP
1998,235.9347397,JP_0000367,JP
1999,228.7730685,JP_0000367,JP
2000,257.7603825,JP_0000367,JP
2001,224.7230411,JP_0000367,JP
2002,244.575884,JP_0000367,JP
2003,207.6828219,JP_0000367,JP
2004,235.5889972,JP_0000367,JP
2005,218.3290137,JP_0000367,JP
2006,286.559589,JP_0000367,JP
2007,215.241511,JP_0000367,JP
2008,203.875,JP_0000367,JP
2009,201.7308767,JP_0000367,JP
2010,240.9025344,JP_0000367,JP
2011,263.2117039,JP_0000367,JP
2012,228.711694,JP_0000367,JP
1959,186.0083836,JP_0000446,JP
1960,85.78196721,JP_0000446,JP
1961,115.1145205,JP_0000446,JP
1962,88.96164384,JP_0000446,JP
1963,84.94657534,JP_0000446,JP
1964,,JP_0000446,JP
1965,90.5369863,JP_0000446,JP
1966,100.6572603,JP_0000446,JP
1967,80.17947945,JP_0000446,JP
1968,106.9906284,JP_0000446,JP
1969,72.41750685,JP_0000446,JP
1970,80.37238356,JP_0000446,JP
1971,89.88684932,JP_0000446,JP
1972,83.59150273,JP_0000446,JP
1973,62.38808219,JP_0000446,JP
1974,105.5835068,JP_0000446,JP
1975,88.71646575,JP_0000446,JP
1976,99.49893443,JP_0000446,JP
1977,94.6270411,JP_0000446,JP
1978,53.12791781,JP_0000446,JP
1979,79.12731507,JP_0000446,JP
1980,87.43117486,JP_0000446,JP
1981,100.3185479,JP_0000446,JP
1982,115.9600548,JP_0000446,JP
1983,107.2826027,JP_0000446,JP
1984,59.09240437,JP_0000446,JP
1985,92.09087671,JP_0000446,JP
1986,84.24868493,JP_0000446,JP
1987,65.90490411,JP_0000446,JP
1988,115.9932787,JP_0000446,JP
1989,118.0861918,JP_0000446,JP
1990,88.29986301,JP_0000446,JP
1991,129.3407671,JP_0000446,JP
1992,81.14409836,JP_0000446,JP
1993,102.6254521,JP_0000446,JP
1994,73.08350685,JP_0000446,JP
1995,85.11019178,JP_0000446,JP
1996,51.87434426,JP_0000446,JP
1997,70.84323288,JP_0000446,JP
1998,132.919589,JP_0000446,JP
1999,111.2371233,JP_0000446,JP
2000,105.6288251,JP_0000446,JP
2001,110.3616164,JP_0000446,JP
2002,101.1379452,JP_0000446,JP
2003,99.41709589,JP_0000446,JP
2004,102.2387158,JP_0000446,JP
2005,89.55865753,JP_0000446,JP
2006,109.1488981,JP_0000446,JP
2007,93.67717808,JP_0000446,JP
2008,116.3420492,JP_0000446,JP
2009,74.8250137,JP_0000446,JP
2010,111.6193973,JP_0000446,JP
2011,117.2677031,JP_0000446,JP
2012,84.28877049,JP_0000446,JP
1954,65.56881543,JP_0000759,JP
1955,40.98545205,JP_0000759,JP
1956,63.21284153,JP_0000759,JP
1957,59.74939726,JP_0000759,JP
1958,49.94043836,JP_0000759,JP
1959,65.23424658,JP_0000759,JP
1960,45.17786885,JP_0000759,JP
1961,49.69369863,JP_0000759,JP
1962,36.39506849,JP_0000759,JP
1963,55.26794521,JP_0000759,JP
1964,44.70874317,JP_0000759,JP
1965,69.5290411,JP_0000759,JP
1966,51.55972603,JP_0000759,JP
1967,43.21931507,JP_0000759,JP
1968,38.68378453,JP_0000759,JP
1969,41.86041436,JP_0000759,JP
1970,46.69973988,JP_0000759,JP
1971,41.33554945,JP_0000759,JP
1972,63.89980874,JP_0000759,JP
1973,23.31958904,JP_0000759,JP
1974,56.41482094,JP_0000759,JP
1975,66.08361644,JP_0000759,JP
1976,64.12125683,JP_0000759,JP
1977,41.14876712,JP_0000759,JP
1978,37.00517808,JP_0000759,JP
1979,46.61532967,JP_0000759,JP
1980,52.35436813,JP_0000759,JP
1981,47.55369863,JP_0000759,JP
1982,49.03621918,JP_0000759,JP
1983,49.59315068,JP_0000759,JP
1984,48.80030055,JP_0000759,JP
1985,62.6450137,JP_0000759,JP
1986,45.87813699,JP_0000759,JP
1987,36.28505495,JP_0000759,JP
1988,57.25816438,JP_0000759,JP
1989,66.64641667,JP_0000759,JP
1990,61.81342466,JP_0000759,JP
1991,60.12353425,JP_0000759,JP
1992,50.65219178,JP_0000759,JP
1993,63.36758904,JP_0000759,JP
1994,33.94186301,JP_0000759,JP
1995,48.04145205,JP_0000759,JP
1996,53.75961749,JP_0000759,JP
1997,54.87931507,JP_0000759,JP
1998,63.66945205,JP_0000759,JP
1999,50.75380822,JP_0000759,JP
2000,46.64724044,JP_0000759,JP
2001,55.6250411,JP_0000759,JP
2002,39.46909589,JP_0000759,JP
2003,59.53238356,JP_0000759,JP
2004,63.70765027,JP_0000759,JP
2005,37.17057692,JP_0000759,JP
2006,64.2218956,JP_0000759,JP
2007,42.01969863,JP_0000759,JP
2008,43.96238356,JP_0000759,JP
2009,58.05545205,JP_0000759,JP
2010,50.87013699,JP_0000759,JP
2011,76.26794521,JP_0000759,JP
2012,55.32948087,JP_0000759,JP
1957,112.3562466,JP_0000996,JP
1958,77.83282192,JP_0000996,JP
1959,98.9250411,JP_0000996,JP
1960,54.95008197,JP_0000996,JP
1961,64.76915068,JP_0000996,JP
1962,110.6600274,JP_0000996,JP
1963,94.16975342,JP_0000996,JP
1964,73.46226776,JP_0000996,JP
1965,88.98312329,JP_0000996,JP
1966,90.69052055,JP_0000996,JP
1967,62.62109589,JP_0000996,JP
1968,60.56893443,JP_0000996,JP
1969,93.98942466,JP_0000996,JP
1970,93.09975342,JP_0000996,JP
1971,99.24142466,JP_0000996,JP
1972,122.5993716,JP_0000996,JP
1973,79.77723288,JP_0000996,JP
1974,59.65147945,JP_0000996,JP
1975,91.92087671,JP_0000996,JP
1976,124.2284973,JP_0000996,JP
1977,83.95887671,JP_0000996,JP
1978,60.16945205,JP_0000996,JP
1979,93.18753425,JP_0000996,JP
1980,122.8792077,JP_0000996,JP
1981,73.76216438,JP_0000996,JP
1982,80.10158904,JP_0000996,JP
1983,100.7284384,JP_0000996,JP
1984,73.08808743,JP_0000996,JP
1985,90.2689589,JP_0000996,JP
1986,71.42008219,JP_0000996,JP
1987,105.8499178,JP_0000996,JP
1988,76.75789617,JP_0000996,JP
1989,91.20476712,JP_0000996,JP
1990,85.38205479,JP_0000996,JP
1991,103.8661644,JP_0000996,JP
1992,80.21016393,JP_0000996,JP
1993,176.7062192,JP_0000996,JP
1994,55.72326027,JP_0000996,JP
1995,71.39221918,JP_0000996,JP
1996,72.00254098,JP_0000996,JP
1997,88.28164384,JP_0000996,JP
1998,97.65189041,JP_0000996,JP
1999,104.332137,JP_0000996,JP
2000,79.98040984,JP_0000996,JP
2001,66.17550685,JP_0000996,JP
2002,70.94093151,JP_0000996,JP
2003,88.44712329,JP_0000996,JP
2004,79.83882192,JP_0000996,JP
2005,82.77430137,JP_0000996,JP
2006,125.8768681,JP_0000996,JP
1954,188.8380822,JP_0001014,JP
1955,127.9205479,JP_0001014,JP
1956,128.9245902,JP_0001014,JP
1957,131.0419178,JP_0001014,JP
1958,68.43159341,JP_0001014,JP
1959,95.6260274,JP_0001014,JP
1960,64.86584699,JP_0001014,JP
1961,98.24,JP_0001014,JP
1962,,JP_0001014,JP
1963,105.9463014,JP_0001014,JP
1964,153.6508197,JP_0001014,JP
1965,96.92547945,JP_0001014,JP
1966,152.4926575,JP_0001014,JP
1967,84.44860274,JP_0001014,JP
1968,86.01,JP_0001014,JP
1969,100.736274,JP_0001014,JP
1970,114.9183288,JP_0001014,JP
1971,132.8601918,JP_0001014,JP
1972,143.9554372,JP_0001014,JP
1973,84.89449315,JP_0001014,JP
1974,67.44547945,JP_0001014,JP
1975,97.80624658,JP_0001014,JP
1976,117.0731694,JP_0001014,JP
1977,90.14049315,JP_0001014,JP
1978,72.35183562,JP_0001014,JP
1979,104.8216712,JP_0001014,JP
1980,121.5739071,JP_0001014,JP
1981,76.71575342,JP_0001014,JP
1982,103.9890411,JP_0001014,JP
1983,131.2583288,JP_0001014,JP
1984,92.54393443,JP_0001014,JP
1985,107.9674795,JP_0001014,JP
1986,76.6709863,JP_0001014,JP
1987,114.9648767,JP_0001014,JP
1988,87.0645082,JP_0001014,JP
1989,114.4065753,JP_0001014,JP
1990,115.6680548,JP_0001014,JP
1991,118.3629041,JP_0001014,JP
1992,98.87644809,JP_0001014,JP
1993,219.5723288,JP_0001014,JP
1994,70.97126027,JP_0001014,JP
1995,76.73564384,JP_0001014,JP
1996,89.86166667,JP_0001014,JP
1997,96.30126027,JP_0001014,JP
1998,102.1533973,JP_0001014,JP
1999,159.153607,JP_0001014,JP
2000,105.8561708,JP_0001014,JP
2001,91.0419726,JP_0001014,JP
2002,,JP_0001014,JP
2003,110.5880769,JP_0001014,JP
2004,103.4237026,JP_0001014,JP
2005,,JP_0001014,JP
2006,,JP_0001014,JP
2007,77.03335165,JP_0001014,JP
2008,81.32660112,JP_0001014,JP
2009,51.80619178,JP_0001014,JP
2010,114.4664187,JP_0001014,JP
2011,105.0028767,JP_0001014,JP
2012,144.1489891,JP_0001014,JP
1950,57.76383562,JP_0001023,JP
1951,42.70520548,JP_0001023,JP
1952,,JP_0001023,JP
1953,59.66575342,JP_0001023,JP
1954,124.7240997,JP_0001023,JP
1955,63.80931507,JP_0001023,JP
1956,63.77868852,JP_0001023,JP
1957,84.10520548,JP_0001023,JP
1958,43.95479452,JP_0001023,JP
1959,57.5030137,JP_0001023,JP
1960,44.67978142,JP_0001023,JP
1961,59.01098901,JP_0001023,JP
1962,57.58436578,JP_0001023,JP
1963,70.39342466,JP_0001023,JP
1964,55.06092896,JP_0001023,JP
1965,51.81890411,JP_0001023,JP
1966,66.00493151,JP_0001023,JP
1967,36.93550685,JP_0001023,JP
1968,48.19759563,JP_0001023,JP
1969,44.72389041,JP_0001023,JP
1970,63.85380822,JP_0001023,JP
1971,74.28118132,JP_0001023,JP
1972,68.70956164,JP_0001023,JP
1973,45.93923288,JP_0001023,JP
1974,48.44473973,JP_0001023,JP
1975,59.97136986,JP_0001023,JP
1976,64.47139344,JP_0001023,JP
1977,60.30372603,JP_0001023,JP
1978,31.84041096,JP_0001023,JP
1979,62.54717808,JP_0001023,JP
1980,99.43942623,JP_0001023,JP
1981,50.26290411,JP_0001023,JP
1982,92.77569863,JP_0001023,JP
1983,53.45145349,JP_0001023,JP
1984,41.77144809,JP_0001023,JP
1985,57.58441096,JP_0001023,JP
1986,52.30213699,JP_0001023,JP
1987,81.3830411,JP_0001023,JP
1988,62.04898907,JP_0001023,JP
1989,66.41934247,JP_0001023,JP
1990,64.86161644,JP_0001023,JP
1991,82.97076712,JP_0001023,JP
1992,44.53743169,JP_0001023,JP
1993,129.6387123,JP_0001023,JP
1994,33.07936986,JP_0001023,JP
1995,37.70273973,JP_0001023,JP
1996,38.69081967,JP_0001023,JP
1997,55.42175342,JP_0001023,JP
1998,58.26662088,JP_0001023,JP
1999,94.29961644,JP_0001023,JP
2000,46.90025641,JP_0001023,JP
2001,50.72709497,JP_0001023,JP
2002,51.64873973,JP_0001023,JP
2003,74.1750411,JP_0001023,JP
2004,80.26641096,JP_0001023,JP
2005,51.85224658,JP_0001023,JP
2006,82.11605479,JP_0001023,JP
2007,61.59405479,JP_0001023,JP
2008,56.86724044,JP_0001023,JP
2009,38.53021918,JP_0001023,JP
2010,38.02147945,JP_0001023,JP
2011,76.18542466,JP_0001023,JP
2012,77.55472678,JP_0001023,JP
1938,304.0410959,KG_0000005,KG
1939,319.5068493,KG_0000005,KG
1940,322.3497268,KG_0000005,KG
1941,389.0109589,KG_0000005,KG
1942,451.3013699,KG_0000005,KG
1943,358.1671233,KG_0000005,KG
1944,315.8770492,KG_0000005,KG
1945,389.3283582,KG_0000005,KG
1946,376.5917808,KG_0000005,KG
1947,289.9315068,KG_0000005,KG
1948,371.6530055,KG_0000005,KG
1949,418.1068493,KG_0000005,KG
1950,355.3369863,KG_0000005,KG
1951,366.0219178,KG_0000005,KG
1952,541.1202186,KG_0000005,KG
1953,474.4109589,KG_0000005,KG
1954,535.1945205,KG_0000005,KG
1955,405.5205479,KG_0000005,KG
1956,429.0437158,KG_0000005,KG
1957,270.6046575,KG_0000005,KG
1958,418.0632877,KG_0000005,KG
1959,505.6219178,KG_0000005,KG
1960,511.7786885,KG_0000005,KG
1961,300.949589,KG_0000005,KG
1962,273.5027397,KG_0000005,KG
1963,361.7936986,KG_0000005,KG
1964,409.9669399,KG_0000005,KG
1965,252.670137,KG_0000005,KG
1966,479.4835616,KG_0000005,KG
1967,322.1912329,KG_0000005,KG
1968,359.1770492,KG_0000005,KG
1969,630.5838356,KG_0000005,KG
1970,430.7452055,KG_0000005,KG
1971,365.2846575,KG_0000005,KG
1972,314.0901639,KG_0000005,KG
1973,405.9585205,KG_0000005,KG
1974,205.9594521,KG_0000005,KG
1975,,KG_0000005,KG
1976,252.8600548,KG_0000005,KG
1977,245.1838398,KG_0000005,KG
1978,208.6852893,KG_0000005,KG
1974,55.21833333,KR_0000006,KR
1975,68.65916667,KR_0000006,KR
1976,55.42083333,KR_0000006,KR
1977,38.965,KR_0000006,KR
1978,79.83833333,KR_0000006,KR
1979,75.16333333,KR_0000006,KR
1980,52.74916667,KR_0000006,KR
1981,92.87333333,KR_0000006,KR
1982,47.49,KR_0000006,KR
1983,53.05416667,KR_0000006,KR
1984,98.7825,KR_0000006,KR
1985,59.68833333,KR_0000006,KR
1986,57.49916667,KR_0000006,KR
1987,88.49166667,KR_0000006,KR
1988,38.085,KR_0000006,KR
1989,65.7175,KR_0000006,KR
1990,140.03,KR_0000006,KR
1991,56.96083333,KR_0000006,KR
1992,65.625,KR_0000006,KR
1993,69.54083333,KR_0000006,KR
1994,35.04,KR_0000006,KR
1995,94.38416667,KR_0000006,KR
1996,45.45333333,KR_0000006,KR
1997,64.9125,KR_0000006,KR
1998,91.6075,KR_0000006,KR
1999,95.94,KR_0000006,KR
2000,58.9525,KR_0000006,KR
2001,44.975,KR_0000006,KR
2002,67.67083333,KR_0000006,KR
2003,107.4,KR_0000006,KR
2004,80.55,KR_0000006,KR
2005,62.72083333,KR_0000006,KR
2006,94.55833333,KR_0000006,KR
2007,75.63333333,KR_0000006,KR
2008,57.97,KR_0000006,KR
2009,74.49833333,KR_0000006,KR
2010,74.62166667,KR_0000006,KR
2011,104.3425,KR_0000006,KR
2012,56.10416667,KR_0000006,KR
1938,256.6305556,KZ_0000002,KZ
1939,282.2526027,KZ_0000002,KZ
1940,327.4584699,KZ_0000002,KZ
1941,409.6989041,KZ_0000002,KZ
1942,426.4210959,KZ_0000002,KZ
1943,310.8438356,KZ_0000002,KZ
1944,266.6521858,KZ_0000002,KZ
1945,218.8989041,KZ_0000002,KZ
1946,459.1668493,KZ_0000002,KZ
1947,373.5742466,KZ_0000002,KZ
1948,239.6275956,KZ_0000002,KZ
1949,275.1860274,KZ_0000002,KZ
1950,284.3873973,KZ_0000002,KZ
1951,194.3819178,KZ_0000002,KZ
1952,388.095082,KZ_0000002,KZ
1953,235.2421918,KZ_0000002,KZ
1954,323.079726,KZ_0000002,KZ
1955,299.1315068,KZ_0000002,KZ
1956,347.795082,KZ_0000002,KZ
1957,331.0152493,KZ_0000002,KZ
1958,468.7545205,KZ_0000002,KZ
1959,365.1594521,KZ_0000002,KZ
1960,354.5737705,KZ_0000002,KZ
1961,382.8772603,KZ_0000002,KZ
1962,268.0928767,KZ_0000002,KZ
1963,217.9684932,KZ_0000002,KZ
1964,262.9781421,KZ_0000002,KZ
1965,211.8416438,KZ_0000002,KZ
1966,446.889589,KZ_0000002,KZ
1967,199.2241096,KZ_0000002,KZ
1968,230.4733146,KZ_0000002,KZ
1969,480.0975342,KZ_0000002,KZ
1970,375.1063014,KZ_0000002,KZ
1971,386.5978082,KZ_0000002,KZ
1972,306.2868852,KZ_0000002,KZ
1973,352.4438356,KZ_0000002,KZ
1974,147.7722063,KZ_0000002,KZ
1975,245.0194521,KZ_0000002,KZ
1976,213.7726776,KZ_0000002,KZ
1977,278.4928767,KZ_0000002,KZ
1978,166.3630137,KZ_0000002,KZ
1979,274.7150685,KZ_0000002,KZ
1980,224.770765,KZ_0000002,KZ
1981,230.039726,KZ_0000002,KZ
1982,134.1561644,KZ_0000002,KZ
1983,228.4734247,KZ_0000002,KZ
1984,373.9434426,KZ_0000002,KZ
1985,315.9753425,KZ_0000002,KZ
1986,211.5642254,KZ_0000002,KZ
1987,328.8254795,KZ_0000002,KZ
1959,41.49666667,MN_0000002,MN
1960,66.73833333,MN_0000002,MN
1961,42.98083333,MN_0000002,MN
1962,52.12916667,MN_0000002,MN
1963,51.81,MN_0000002,MN
1964,79.46583333,MN_0000002,MN
1965,32.53833333,MN_0000002,MN
1966,73.9525,MN_0000002,MN
1967,49.46416667,MN_0000002,MN
1968,61.01916667,MN_0000002,MN
1969,55.08083333,MN_0000002,MN
1970,51.705,MN_0000002,MN
1971,63.59333333,MN_0000002,MN
1972,27.97,MN_0000002,MN
1973,62.72916667,MN_0000002,MN
1974,41.88833333,MN_0000002,MN
1975,59.61083333,MN_0000002,MN
1976,84.02166667,MN_0000002,MN
1977,32.60333333,MN_0000002,MN
1978,14.3125,MN_0000002,MN
1979,31.18,MN_0000002,MN
1980,22.595,MN_0000002,MN
1981,27.48916667,MN_0000002,MN
1982,48.42333333,MN_0000002,MN
1983,48.45,MN_0000002,MN
1984,59.50666667,MN_0000002,MN
1985,112.865,MN_0000002,MN
1986,67.56166667,MN_0000002,MN
1987,35.60416667,MN_0000002,MN
1988,77.1225,MN_0000002,MN
1989,33.70333333,MN_0000002,MN
1990,66.79583333,MN_0000002,MN
1991,86.09,MN_0000002,MN
1992,51.31583333,MN_0000002,MN
1993,91.30166667,MN_0000002,MN
1994,51.03833333,MN_0000002,MN
1995,68.515,MN_0000002,MN
1996,34.87916667,MN_0000002,MN
1997,41.13583333,MN_0000002,MN
1998,43.01083333,MN_0000002,MN
1999,41.58083333,MN_0000002,MN
2000,31.24333333,MN_0000002,MN
2001,32.22833333,MN_0000002,MN
2002,27.56,MN_0000002,MN
2003,41.00166667,MN_0000002,MN
2004,30.79666667,MN_0000002,MN
2005,37.03583333,MN_0000002,MN
2006,40.75916667,MN_0000002,MN
2007,30.58666667,MN_0000002,MN
2008,38.76916667,MN_0000002,MN
2009,45.99666667,MN_0000002,MN
1946,61.98333333,PH_0000006,PH
1947,80.11666667,PH_0000006,PH
1948,84.375,PH_0000006,PH
1949,53.15833333,PH_0000006,PH
1950,79.575,PH_0000006,PH
1951,65.95,PH_0000006,PH
1952,71.55833333,PH_0000006,PH
1953,86.29166667,PH_0000006,PH
1954,50.36666667,PH_0000006,PH
1955,56.75,PH_0000006,PH
1956,82.66666667,PH_0000006,PH
1957,123.525,PH_0000006,PH
1958,60.4,PH_0000006,PH
1959,53.31666667,PH_0000006,PH
1960,90.35,PH_0000006,PH
1961,78.30833333,PH_0000006,PH
1962,97.36666667,PH_0000006,PH
1963,37.24166667,PH_0000006,PH
1964,,PH_0000006,PH
1965,,PH_0000006,PH
1966,,PH_0000006,PH
1967,,PH_0000006,PH
1968,46.61666667,PH_0000006,PH
1969,42.45833333,PH_0000006,PH
1970,58.13333333,PH_0000006,PH
1971,79.56666667,PH_0000006,PH
1972,88.30833333,PH_0000006,PH
1973,49.975,PH_0000006,PH
1974,71.69166667,PH_0000006,PH
1975,61.03333333,PH_0000006,PH
1976,76.30833333,PH_0000006,PH
1977,45.38333333,PH_0000006,PH
1978,69.54166667,PH_0000006,PH
1979,50.71666667,PH_0000006,PH
1980,63.30833333,PH_0000006,PH
1981,68.91666667,PH_0000006,PH
1982,51.06666667,PH_0000006,PH
1983,35.73333333,PH_0000006,PH
1984,45.375,PH_0000006,PH
1985,67.51666667,PH_0000006,PH
1986,74.36666667,PH_0000006,PH
1987,41.83333333,PH_0000006,PH
1988,60.49166667,PH_0000006,PH
1989,53.63333333,PH_0000006,PH
1990,67.09166667,PH_0000006,PH
1991,48.36666667,PH_0000006,PH
1992,58.05833333,PH_0000006,PH
1993,50.675,PH_0000006,PH
1994,45.70833333,PH_0000006,PH
1995,76.975,PH_0000006,PH
1996,57.23333333,PH_0000006,PH
1997,26.64166667,PH_0000006,PH
1998,61.7,PH_0000006,PH
1999,87.76666667,PH_0000006,PH
2000,93.03333333,PH_0000006,PH
2001,63.39166667,PH_0000006,PH
2002,50.98333333,PH_0000006,PH
2003,53.2,PH_0000006,PH
2004,62.44166667,PH_0000006,PH
2005,62.33333333,PH_0000006,PH
2006,47.13916667,PH_0000006,PH
2007,67.40833333,PH_0000006,PH
2008,60.80916667,PH_0000006,PH
2009,65.6775,PH_0000006,PH
2010,33.575,PH_0000006,PH
2011,77.07666667,PH_0000006,PH
2012,67.52583333,PH_0000006,PH
1970,885.9166667,PK_0000001,PK
1971,867.7,PK_0000001,PK
1972,834.9166667,PK_0000001,PK
1973,1317.183333,PK_0000001,PK
1974,852.6416667,PK_0000001,PK
1975,941.4916667,PK_0000001,PK
1976,918.35,PK_0000001,PK
1977,995.6416667,PK_0000001,PK
1978,1207.85,PK_0000001,PK
1979,810.8166667,PK_0000001,PK
1980,966.0333333,PK_0000001,PK
1981,1016.283333,PK_0000001,PK
1982,852.225,PK_0000001,PK
1983,1052.433333,PK_0000001,PK
1984,1022.091667,PK_0000001,PK
1985,872.1583333,PK_0000001,PK
1986,914.0666667,PK_0000001,PK
1987,919.6833333,PK_0000001,PK
1988,1320.55,PK_0000001,PK
1989,1046.258333,PK_0000001,PK
1990,1423.933333,PK_0000001,PK
1991,1191.825,PK_0000001,PK
1992,1089.775,PK_0000001,PK
1993,883.7166667,PK_0000001,PK
1994,1442.3,PK_0000001,PK
1995,1179.616667,PK_0000001,PK
1996,1305.358333,PK_0000001,PK
1997,1071.233333,PK_0000001,PK
1998,1282.35,PK_0000001,PK
1999,1365.975,PK_0000001,PK
2000,1166.975,PK_0000001,PK
2001,1065.958333,PK_0000001,PK
2002,1048.85,PK_0000001,PK
2003,1186.125,PK_0000001,PK
2004,859.7916667,PK_0000001,PK
2005,1161.333333,PK_0000001,PK
2006,1353.766667,PK_0000001,PK
2007,1115.45,PK_0000001,PK
2008,1110.65,PK_0000001,PK
1940,7107.177596,RU_0000036,RU
1941,10363.56438,RU_0000036,RU
1942,7634.939726,RU_0000036,RU
1943,8022.945205,RU_0000036,RU
1944,4809.213115,RU_0000036,RU
1945,,RU_0000036,RU
1946,,RU_0000036,RU
1947,7935.035616,RU_0000036,RU
1948,9249.803279,RU_0000036,RU
1949,6883.887671,RU_0000036,RU
1950,5421.772603,RU_0000036,RU
1951,8533.810959,RU_0000036,RU
1952,6532.778689,RU_0000036,RU
1953,8960.893151,RU_0000036,RU
1954,5470.893151,RU_0000036,RU
1955,9945.854795,RU_0000036,RU
1956,12642.02186,RU_0000036,RU
1957,11146.61644,RU_0000036,RU
1958,10286.82192,RU_0000036,RU
1959,10758.87671,RU_0000036,RU
1960,12406.47541,RU_0000036,RU
1961,10231.73699,RU_0000036,RU
1962,9759.383562,RU_0000036,RU
1963,10157.4221,RU_0000036,RU
1964,8819.39071,RU_0000036,RU
1965,7826.358904,RU_0000036,RU
1966,8895.50411,RU_0000036,RU
1967,7450.591781,RU_0000036,RU
1968,6580.956284,RU_0000036,RU
1969,8103.224658,RU_0000036,RU
1970,7709.460274,RU_0000036,RU
1971,8817.435616,RU_0000036,RU
1972,9593.106557,RU_0000036,RU
1973,9325.471233,RU_0000036,RU
1974,6915.49589,RU_0000036,RU
1975,6217.580822,RU_0000036,RU
1976,5770.904372,RU_0000036,RU
1977,6610.057534,RU_0000036,RU
1978,5582.024658,RU_0000036,RU
1979,4303.386301,RU_0000036,RU
1980,6364.666667,RU_0000036,RU
1981,9774.452055,RU_0000036,RU
1982,6655.323288,RU_0000036,RU
1983,9294.39726,RU_0000036,RU
1984,9875.401639,RU_0000036,RU
1985,9918.988701,RU_0000036,RU
1986,6283.772727,RU_0000036,RU
1987,7949.024658,RU_0000036,RU
1936,1048.215847,RU_0000043,RU
1937,1036.552877,RU_0000043,RU
1938,1090.228767,RU_0000043,RU
1939,837.0578082,RU_0000043,RU
1940,1069.393169,RU_0000043,RU
1941,1094.554795,RU_0000043,RU
1942,997.2084507,RU_0000043,RU
1943,1032.164658,RU_0000043,RU
1944,700.5142077,RU_0000043,RU
1945,902.5989041,RU_0000043,RU
1946,697.2383562,RU_0000043,RU
1947,747.2956164,RU_0000043,RU
1948,949.670765,RU_0000043,RU
1949,885.7238356,RU_0000043,RU
1950,947.7589041,RU_0000043,RU
1951,930.4791781,RU_0000043,RU
1952,1149.994809,RU_0000043,RU
1953,878.4821918,RU_0000043,RU
1954,684.4906849,RU_0000043,RU
1955,798.9306849,RU_0000043,RU
1956,898.3216763,RU_0000043,RU
1957,803.869589,RU_0000043,RU
1958,712.0939726,RU_0000043,RU
1959,1092.128493,RU_0000043,RU
1960,947.218306,RU_0000043,RU
1961,1010.782466,RU_0000043,RU
1962,1255.062192,RU_0000043,RU
1963,981.0876712,RU_0000043,RU
1964,1166.212022,RU_0000043,RU
1965,870.230137,RU_0000043,RU
1966,1038.256164,RU_0000043,RU
1967,1025.345479,RU_0000043,RU
1968,1081.517486,RU_0000043,RU
1969,893.2857534,RU_0000043,RU
1970,986.4071233,RU_0000043,RU
1971,1099.556438,RU_0000043,RU
1972,580.8120219,RU_0000043,RU
1973,1486.008493,RU_0000043,RU
1974,753.0868493,RU_0000043,RU
1975,924.8624658,RU_0000043,RU
1976,838.4909836,RU_0000043,RU
1977,746.6860274,RU_0000043,RU
1978,544.4358904,RU_0000043,RU
1979,597.1433428,RU_0000043,RU
1980,530.5027322,RU_0000043,RU
1981,585.3287671,RU_0000043,RU
1982,845.1068493,RU_0000043,RU
1983,884.8986301,RU_0000043,RU
1984,1019.409836,RU_0000043,RU
1985,1394.22063,RU_0000043,RU
1986,1027.29863,RU_0000043,RU
1987,745.0054795,RU_0000043,RU
1988,1244.505464,RU_0000043,RU
1989,890.6461988,RU_0000043,RU
1990,1372.347945,RU_0000043,RU
1991,1187.356164,RU_0000043,RU
1992,926.9644809,RU_0000043,RU
1993,1316.923288,RU_0000043,RU
1994,1318.331445,RU_0000043,RU
1995,1225.099125,RU_0000043,RU
1996,655.1336066,RU_0000043,RU
1997,779.0141643,RU_0000043,RU
1998,1013.891781,RU_0000043,RU
1999,769.4805479,RU_0000043,RU
1936,1157.23224,RU_0000054,RU
1937,1088.619178,RU_0000054,RU
1938,1116.013699,RU_0000054,RU
1939,1096.267606,RU_0000054,RU
1940,997.6065574,RU_0000054,RU
1941,1204.983562,RU_0000054,RU
1942,1071.433428,RU_0000054,RU
1943,,RU_0000054,RU
1944,1045.676966,RU_0000054,RU
1945,861.6849315,RU_0000054,RU
1946,1142.956164,RU_0000054,RU
1947,992.6958904,RU_0000054,RU
1948,954.3469945,RU_0000054,RU
1949,957.4957746,RU_0000054,RU
1950,947.7369863,RU_0000054,RU
1951,989.8383562,RU_0000054,RU
1952,1348.789617,RU_0000054,RU
1953,927.1205479,RU_0000054,RU
1954,998.5753425,RU_0000054,RU
1955,1170.49863,RU_0000054,RU
1956,983.8032787,RU_0000054,RU
1957,858.7013699,RU_0000054,RU
1958,1066.271233,RU_0000054,RU
1959,1104.115068,RU_0000054,RU
1960,966.4371585,RU_0000054,RU
1961,1119.561644,RU_0000054,RU
1962,1056.115274,RU_0000054,RU
1963,959.1362319,RU_0000054,RU
1964,860.9726027,RU_0000054,RU
1965,1092.227397,RU_0000054,RU
1966,1463.182336,RU_0000054,RU
1967,1162.111111,RU_0000054,RU
1968,870.9699454,RU_0000054,RU
1969,1081.493151,RU_0000054,RU
1970,1276.022923,RU_0000054,RU
1971,943.5616438,RU_0000054,RU
1972,960.9125683,RU_0000054,RU
1973,1156.090411,RU_0000054,RU
1974,822.4424779,RU_0000054,RU
1975,1128.753541,RU_0000054,RU
1976,999.704918,RU_0000054,RU
1977,1168.4,RU_0000054,RU
1978,893.4985423,RU_0000054,RU
1979,,RU_0000054,RU
1980,,RU_0000054,RU
1981,,RU_0000054,RU
1982,1021.705556,RU_0000054,RU
1983,,RU_0000054,RU
1984,1219.624294,RU_0000054,RU
1985,1291.557471,RU_0000054,RU
1986,1056.263014,RU_0000054,RU
1987,1083.120548,RU_0000054,RU
1988,1123.046448,RU_0000054,RU
1989,743.0657534,RU_0000054,RU
1990,920.7068493,RU_0000054,RU
1991,1139.5,RU_0000054,RU
1992,1178.839888,RU_0000054,RU
1993,995.6656891,RU_0000054,RU
1939,185.2676712,RU_0000397,RU
1940,245.492623,RU_0000397,RU
1941,250.1983562,RU_0000397,RU
1942,225.9457534,RU_0000397,RU
1943,187.8684932,RU_0000397,RU
1944,248.8328652,RU_0000397,RU
1945,255.7881356,RU_0000397,RU
1946,259.2057534,RU_0000397,RU
1947,251.4246575,RU_0000397,RU
1948,254.589548,RU_0000397,RU
1949,365.3663014,RU_0000397,RU
1950,227.849589,RU_0000397,RU
1951,322.949589,RU_0000397,RU
1952,265.3437158,RU_0000397,RU
1953,241.0720548,RU_0000397,RU
1954,196.6843931,RU_0000397,RU
1955,262.0153425,RU_0000397,RU
1956,280.0830601,RU_0000397,RU
1957,213.970411,RU_0000397,RU
1958,262.2613699,RU_0000397,RU
1959,271.8769863,RU_0000397,RU
1960,321.0374317,RU_0000397,RU
1961,293.4441096,RU_0000397,RU
1962,267.8010959,RU_0000397,RU
1963,268.790137,RU_0000397,RU
1964,240.7398907,RU_0000397,RU
1965,221.0367123,RU_0000397,RU
1966,281.1079452,RU_0000397,RU
1967,295.9723288,RU_0000397,RU
1968,233.4087432,RU_0000397,RU
1969,233.3293151,RU_0000397,RU
1970,250.2736986,RU_0000397,RU
1971,325.7123288,RU_0000397,RU
1972,227.4256831,RU_0000397,RU
1973,295.5739726,RU_0000397,RU
1974,271.2453297,RU_0000397,RU
1975,288.1271233,RU_0000397,RU
1976,251.4628415,RU_0000397,RU
1977,209.2687671,RU_0000397,RU
1978,292.9940678,RU_0000397,RU
1979,229.2641096,RU_0000397,RU
1980,296.8560109,RU_0000397,RU
1981,280.3350685,RU_0000397,RU
1982,275.2953425,RU_0000397,RU
1983,316.3926027,RU_0000397,RU
1984,257.6960452,RU_0000397,RU
1985,265.0936986,RU_0000397,RU
1986,279.102,RU_0000397,RU
1987,188.1917808,RU_0000397,RU
1988,301.747541,RU_0000397,RU
1989,293.4920548,RU_0000397,RU
1990,264.6879452,RU_0000397,RU
1991,217.7805479,RU_0000397,RU
1992,239.3407104,RU_0000397,RU
1993,227.1915068,RU_0000397,RU
1994,341.1789041,RU_0000397,RU
1995,261.5717808,RU_0000397,RU
1996,231.3087819,RU_0000397,RU
1997,306.2520548,RU_0000397,RU
1998,341.9408219,RU_0000397,RU
1999,212.1967123,RU_0000397,RU
2000,260.7346995,RU_0000397,RU
2001,274.1780822,RU_0000397,RU
1936,182.1592896,RU_0000398,RU
1937,130.7789041,RU_0000398,RU
1938,196.2821918,RU_0000398,RU
1939,90.7860274,RU_0000398,RU
1940,140.6663934,RU_0000398,RU
1941,115.1808219,RU_0000398,RU
1942,110.3121469,RU_0000398,RU
1943,73.18356164,RU_0000398,RU
1944,150.4994536,RU_0000398,RU
1945,118.0506849,RU_0000398,RU
1946,94.66902655,RU_0000398,RU
1947,152.2210959,RU_0000398,RU
1948,148.6325137,RU_0000398,RU
1949,214.6389041,RU_0000398,RU
1950,118.5271233,RU_0000398,RU
1951,127.210411,RU_0000398,RU
1952,126.9038251,RU_0000398,RU
1953,103.4951149,RU_0000398,RU
1954,100.0093151,RU_0000398,RU
1955,107.000274,RU_0000398,RU
1956,121.7193989,RU_0000398,RU
1957,108.8019178,RU_0000398,RU
1958,91.21260274,RU_0000398,RU
1959,142.2139726,RU_0000398,RU
1960,139.6176638,RU_0000398,RU
1961,113.3284932,RU_0000398,RU
1962,126.8305949,RU_0000398,RU
1963,108.7419178,RU_0000398,RU
1964,112.0382514,RU_0000398,RU
1965,90.64684932,RU_0000398,RU
1966,128.5986301,RU_0000398,RU
1967,146.3076705,RU_0000398,RU
1968,109.2581967,RU_0000398,RU
1969,107.4917808,RU_0000398,RU
1970,120.9654795,RU_0000398,RU
1971,163.5460274,RU_0000398,RU
1972,89.8852459,RU_0000398,RU
1973,183.6531507,RU_0000398,RU
1974,104.1613699,RU_0000398,RU
1975,148.6972603,RU_0000398,RU
1976,103.8323944,RU_0000398,RU
1977,92.41896552,RU_0000398,RU
1978,94.35643836,RU_0000398,RU
1979,77.47260274,RU_0000398,RU
1980,115.7892958,RU_0000398,RU
1981,95.18831909,RU_0000398,RU
1982,117.8482192,RU_0000398,RU
1983,151.3386301,RU_0000398,RU
1984,154.6969945,RU_0000398,RU
1985,184.6780282,RU_0000398,RU
1986,134.0523288,RU_0000398,RU
1987,80.70794521,RU_0000398,RU
1988,169.4985915,RU_0000398,RU
1989,110.110411,RU_0000398,RU
1990,124.9257534,RU_0000398,RU
1991,153.9194521,RU_0000398,RU
1992,162.2603825,RU_0000398,RU
1993,123.3131579,RU_0000398,RU
1994,140.5947945,RU_0000398,RU
1995,139.5717808,RU_0000398,RU
1996,119.3554645,RU_0000398,RU
1997,104.770411,RU_0000398,RU
1998,148.9019178,RU_0000398,RU
1999,130.4734247,RU_0000398,RU
2000,128.5846995,RU_0000398,RU
2001,148.14,RU_0000398,RU
1951,130.4995342,RU_0000400,RU
1952,175.5815847,RU_0000400,RU
1953,87.9209589,RU_0000400,RU
1954,75.4870137,RU_0000400,RU
1955,83.40240793,RU_0000400,RU
1956,129.8029508,RU_0000400,RU
1957,116.5499178,RU_0000400,RU
1958,75.92915068,RU_0000400,RU
1959,129.5386301,RU_0000400,RU
1960,113.8566393,RU_0000400,RU
1961,112.0883288,RU_0000400,RU
1962,163.2582466,RU_0000400,RU
1963,108.5580822,RU_0000400,RU
1964,121.8604372,RU_0000400,RU
1965,83.50405479,RU_0000400,RU
1966,95.46819178,RU_0000400,RU
1967,131.3682486,RU_0000400,RU
1968,85.89502732,RU_0000400,RU
1969,113.6599726,RU_0000400,RU
1970,99.47230137,RU_0000400,RU
1971,77.20813699,RU_0000400,RU
1972,48.01306011,RU_0000400,RU
1973,141.8737808,RU_0000400,RU
1974,78.31056657,RU_0000400,RU
1975,112.6544384,RU_0000400,RU
1976,91.35543716,RU_0000400,RU
1977,69.87011364,RU_0000400,RU
1978,59.68750685,RU_0000400,RU
1979,64.46632877,RU_0000400,RU
1980,87.32013661,RU_0000400,RU
1981,81.4829863,RU_0000400,RU
1982,125.9555085,RU_0000400,RU
1983,111.3923014,RU_0000400,RU
1984,119.8575683,RU_0000400,RU
1985,183.3709589,RU_0000400,RU
1986,94.25260274,RU_0000400,RU
1987,83.07734247,RU_0000400,RU
1988,210.2499454,RU_0000400,RU
1989,97.76736986,RU_0000400,RU
1990,141.9589863,RU_0000400,RU
1991,141.0238356,RU_0000400,RU
1992,90.97633803,RU_0000400,RU
1993,113.3411233,RU_0000400,RU
1994,116.7139726,RU_0000400,RU
1995,147.4815616,RU_0000400,RU
1996,82.7981694,RU_0000400,RU
1997,113.2779178,RU_0000400,RU
1998,144.2352055,RU_0000400,RU
1999,81.43150685,RU_0000400,RU
2000,71.47784153,RU_0000400,RU
2001,105.2444384,RU_0000400,RU
1936,173.9290598,RU_0000401,RU
1937,,RU_0000401,RU
1938,,RU_0000401,RU
1939,93.77714689,RU_0000401,RU
1940,145.3642896,RU_0000401,RU
1941,127.393589,RU_0000401,RU
1942,118.7184932,RU_0000401,RU
1943,98.1520274,RU_0000401,RU
1944,63.01420765,RU_0000401,RU
1945,85.11753425,RU_0000401,RU
1946,42.83254144,RU_0000401,RU
1947,90.24660274,RU_0000401,RU
1948,150.53,RU_0000401,RU
1949,128.7098904,RU_0000401,RU
1950,103.4038904,RU_0000401,RU
1951,118.6072603,RU_0000401,RU
1952,160.4889071,RU_0000401,RU
1953,88.21023324,RU_0000401,RU
1954,49.16446575,RU_0000401,RU
1955,46.39931818,RU_0000401,RU
1956,80.49603825,RU_0000401,RU
1957,92.59819178,RU_0000401,RU
1958,55.1959726,RU_0000401,RU
1959,89.13449315,RU_0000401,RU
1960,77.68918033,RU_0000401,RU
1961,99.07010959,RU_0000401,RU
1962,158.5557534,RU_0000401,RU
1963,93.84627397,RU_0000401,RU
1964,98.04456284,RU_0000401,RU
1965,58.63745205,RU_0000401,RU
1966,63.60345205,RU_0000401,RU
1967,83.45657534,RU_0000401,RU
1968,105.7907923,RU_0000401,RU
1969,110.5006575,RU_0000401,RU
1970,112.6517808,RU_0000401,RU
1971,112.7587397,RU_0000401,RU
1972,43.11773224,RU_0000401,RU
1973,134.9906027,RU_0000401,RU
1974,58.81413699,RU_0000401,RU
1975,73.5869589,RU_0000401,RU
1976,73.13630986,RU_0000401,RU
1977,50.87536986,RU_0000401,RU
1978,41.98547945,RU_0000401,RU
1979,42.85484932,RU_0000401,RU
1980,49.05439891,RU_0000401,RU
1981,42.75731507,RU_0000401,RU
1982,93.08734247,RU_0000401,RU
1983,117.1632055,RU_0000401,RU
1984,131.3280874,RU_0000401,RU
1985,147.5449589,RU_0000401,RU
1986,95.87068493,RU_0000401,RU
1987,60.55865753,RU_0000401,RU
1988,144.6598361,RU_0000401,RU
1989,71.39068493,RU_0000401,RU
1990,151.0807123,RU_0000401,RU
1991,165.3369315,RU_0000401,RU
1992,80.95579235,RU_0000401,RU
1993,90.32070621,RU_0000401,RU
1994,101.5063836,RU_0000401,RU
1995,117.4596438,RU_0000401,RU
1996,70.26035519,RU_0000401,RU
1997,96.88769863,RU_0000401,RU
1998,138.6036712,RU_0000401,RU
1999,67.76340845,RU_0000401,RU
2000,91.62256831,RU_0000401,RU
2001,91.30216438,RU_0000401,RU
1936,343.6132394,RU_0000408,RU
1937,282.5709589,RU_0000408,RU
1938,276.8468493,RU_0000408,RU
1939,293.5789041,RU_0000408,RU
1940,,RU_0000408,RU
1941,341.1536986,RU_0000408,RU
1942,200.6027397,RU_0000408,RU
1943,159.9591781,RU_0000408,RU
1944,330.3418033,RU_0000408,RU
1945,177.7536986,RU_0000408,RU
1946,320.3065753,RU_0000408,RU
1947,236.6799435,RU_0000408,RU
1948,203.3863388,RU_0000408,RU
1949,228.2985876,RU_0000408,RU
1950,263.8328767,RU_0000408,RU
1951,251.0964384,RU_0000408,RU
1952,376.3290503,RU_0000408,RU
1953,252.2490028,RU_0000408,RU
1954,285.1369863,RU_0000408,RU
1955,369.0605479,RU_0000408,RU
1956,227.4979769,RU_0000408,RU
1957,264.7538028,RU_0000408,RU
1958,229.2174648,RU_0000408,RU
1959,251.6463014,RU_0000408,RU
1960,330.5639118,RU_0000408,RU
1961,269.9273973,RU_0000408,RU
1962,253.7517808,RU_0000408,RU
1963,246.119726,RU_0000408,RU
1964,223.4224432,RU_0000408,RU
1965,299.6435616,RU_0000408,RU
1966,345.9210959,RU_0000408,RU
1967,281.8334247,RU_0000408,RU
1968,204.1674863,RU_0000408,RU
1969,251.8876712,RU_0000408,RU
1970,371.2178082,RU_0000408,RU
1971,253.9493151,RU_0000408,RU
1972,278.5978142,RU_0000408,RU
1973,323.9183562,RU_0000408,RU
1974,181.8712329,RU_0000408,RU
1975,265.6326027,RU_0000408,RU
1976,219.6418033,RU_0000408,RU
1977,286.6109859,RU_0000408,RU
1978,246.7474576,RU_0000408,RU
1979,196.6383562,RU_0000408,RU
1980,327.0202186,RU_0000408,RU
1981,256.5413699,RU_0000408,RU
1982,319.3909589,RU_0000408,RU
1983,271.9652055,RU_0000408,RU
1984,229.1241096,RU_0000408,RU
1985,291.5980822,RU_0000408,RU
1986,267.8758904,RU_0000408,RU
1987,330.9378082,RU_0000408,RU
1988,341.6530055,RU_0000408,RU
1943,563.0544413,RU_0000411,RU
1944,745.7005464,RU_0000411,RU
1945,536.9857534,RU_0000411,RU
1946,749.0978082,RU_0000411,RU
1947,676.9861972,RU_0000411,RU
1948,637.7169399,RU_0000411,RU
1949,763.6810496,RU_0000411,RU
1950,667.5665753,RU_0000411,RU
1951,706.1775342,RU_0000411,RU
1952,862.5986339,RU_0000411,RU
1953,653.6652055,RU_0000411,RU
1954,835.270137,RU_0000411,RU
1955,873.3671233,RU_0000411,RU
1956,730.9289617,RU_0000411,RU
1957,755.9479452,RU_0000411,RU
1958,766.4493151,RU_0000411,RU
1959,835.9808219,RU_0000411,RU
1960,789.7923497,RU_0000411,RU
1961,876.9315068,RU_0000411,RU
1962,724.8136986,RU_0000411,RU
1963,686.0284091,RU_0000411,RU
1964,622.873224,RU_0000411,RU
1965,972.8644068,RU_0000411,RU
1966,1048.854795,RU_0000411,RU
1967,709.2617564,RU_0000411,RU
1968,586.5968661,RU_0000411,RU
1969,806.1446575,RU_0000411,RU
1970,975.2219178,RU_0000411,RU
1971,640.1205479,RU_0000411,RU
1972,811.2584699,RU_0000411,RU
1973,925.5342105,RU_0000411,RU
1974,678.6330409,RU_0000411,RU
1975,842.4328767,RU_0000411,RU
1976,633.4420765,RU_0000411,RU
1977,830.791831,RU_0000411,RU
1978,,RU_0000411,RU
1979,736.4296703,RU_0000411,RU
1980,950.6794798,RU_0000411,RU
1981,569.5394521,RU_0000411,RU
1982,726.6597183,RU_0000411,RU
1983,826.4689266,RU_0000411,RU
1984,747.4958824,RU_0000411,RU
1985,810.2164384,RU_0000411,RU
1986,723.5452055,RU_0000411,RU
1987,942.4391691,RU_0000411,RU
1988,,RU_0000411,RU
1989,563.6382436,RU_0000411,RU
1990,621.9267442,RU_0000411,RU
1991,825.5252809,RU_0000411,RU
1992,925.8196721,RU_0000411,RU
1993,708.2846575,RU_0000411,RU
1994,750.7731343,RU_0000411,RU
1995,,RU_0000411,RU
1996,630.9562842,RU_0000411,RU
1997,798.3917808,RU_0000411,RU
1998,623.5635838,RU_0000411,RU
1999,733.9934473,RU_0000411,RU
1924,133.536276,TH_0000003,TH
1925,54.84525622,TH_0000003,TH
1926,,TH_0000003,TH
1927,,TH_0000003,TH
1928,,TH_0000003,TH
1929,,TH_0000003,TH
1930,,TH_0000003,TH
1931,,TH_0000003,TH
1932,70.22133435,TH_0000003,TH
1933,97.99594115,TH_0000003,TH
1934,,TH_0000003,TH
1935,,TH_0000003,TH
1936,,TH_0000003,TH
1937,,TH_0000003,TH
1938,,TH_0000003,TH
1939,,TH_0000003,TH
1940,,TH_0000003,TH
1941,,TH_0000003,TH
1942,,TH_0000003,TH
1943,,TH_0000003,TH
1944,76.34956875,TH_0000003,TH
1945,82.26788432,TH_0000003,TH
1946,105.6760528,TH_0000003,TH
1947,109.3628063,TH_0000003,TH
1948,71.12696601,TH_0000003,TH
1949,85.36910198,TH_0000003,TH
1950,64.91628615,TH_0000003,TH
1951,113.2895738,TH_0000003,TH
1952,144.1653983,TH_0000003,TH
1953,88.98401826,TH_0000003,TH
1954,61.98947235,TH_0000003,TH
1955,111.3077118,TH_0000003,TH
1956,99.94926433,TH_0000003,TH
1957,78.03779807,TH_0000003,TH
1958,44.5268899,TH_0000003,TH
1959,95.71283612,TH_0000003,TH
1960,90.14459665,TH_0000003,TH
1961,90.29997463,TH_0000003,TH
1962,70.62404871,TH_0000003,TH
1963,114.9733638,TH_0000003,TH
1964,79.90550482,TH_0000003,TH
1965,56.7224759,TH_0000003,TH
1966,83.75824455,TH_0000003,TH
1967,64.42478437,TH_0000003,TH
1968,,TH_0000003,TH
1969,,TH_0000003,TH
1970,157.5393201,TH_0000003,TH
1971,48.41926687,TH_0000003,TH
1972,59.7561517,TH_0000003,TH
1973,79.23389143,TH_0000003,TH
1974,42.04020802,TH_0000003,TH
1975,114.0499746,TH_0000003,TH
1976,62.67123288,TH_0000003,TH
1977,38.11516996,TH_0000003,TH
1978,68.28925672,TH_0000003,TH
1979,55.39542111,TH_0000003,TH
1980,128.8831811,TH_0000003,TH
1981,124.8243278,TH_0000003,TH
1982,95.15442669,TH_0000003,TH
1983,108.5968417,TH_0000003,TH
1984,134.1498605,TH_0000003,TH
1985,91.31722476,TH_0000003,TH
1986,66.39332826,TH_0000003,TH
1987,42.4394343,TH_0000003,TH
1988,67.88273719,TH_0000003,TH
1989,69.4200279,TH_0000003,TH
1990,70.23877473,TH_0000003,TH
1991,67.17687722,TH_0000003,TH
1992,54.22089041,TH_0000003,TH
1993,65.59614409,TH_0000003,TH
1994,153.3583841,TH_0000003,TH
1995,170.1484018,TH_0000003,TH
1996,102.3274987,TH_0000003,TH
1997,78.06950786,TH_0000003,TH
1998,56.98535008,TH_0000003,TH
1999,120.4420345,TH_0000003,TH
2000,100.6731989,TH_0000003,TH
2001,126.2195586,TH_0000003,TH
2002,130.8013064,TH_0000003,TH
2003,82.97532978,TH_0000003,TH
2004,122.2114409,TH_0000003,TH
2005,99.5582826,TH_0000003,TH
2006,127.9499619,TH_0000003,TH
2007,85.75691273,TH_0000003,TH
2008,160.7359843,TH_0000003,TH
2009,74.76059107,TH_0000003,TH
2010,121.1111111,TH_0000003,TH
2011,190.1569635,TH_0000003,TH
2012,83.82071284,TH_0000003,TH
1922,44.11466261,TH_0000041,TH
1923,42.41121258,TH_0000041,TH
1924,56.33720193,TH_0000041,TH
1925,47.76255708,TH_0000041,TH
1926,58.08092339,TH_0000041,TH
1927,66.84963217,TH_0000041,TH
1928,47.48002283,TH_0000041,TH
1929,59.83606038,TH_0000041,TH
1930,50.6548072,TH_0000041,TH
1931,23.27340183,TH_0000041,TH
1932,49.56969812,TH_0000041,TH
1933,76.34290969,TH_0000041,TH
1934,53.84386098,TH_0000041,TH
1935,63.11802385,TH_0000041,TH
1936,46.22241248,TH_0000041,TH
1937,63.186517,TH_0000041,TH
1938,95.04153983,TH_0000041,TH
1939,88.34252917,TH_0000041,TH
1940,62.21651446,TH_0000041,TH
1941,58.32604008,TH_0000041,TH
1942,79.53450025,TH_0000041,TH
1943,81.11396499,TH_0000041,TH
1944,55.60248605,TH_0000041,TH
1945,83.87081431,TH_0000041,TH
1946,52.23871131,TH_0000041,TH
1947,62.93759513,TH_0000041,TH
1948,59.88140538,TH_0000041,TH
1949,77.86973617,TH_0000041,TH
1950,80.35292998,TH_0000041,TH
1951,79.66831558,TH_0000041,TH
1952,72.5145865,TH_0000041,TH
1953,75.72330036,TH_0000041,TH
1954,53.40690005,TH_0000041,TH
1955,59.47678843,TH_0000041,TH
1956,71.9361999,TH_0000041,TH
1957,45.40461695,TH_0000041,TH
1958,34.96733891,TH_0000041,TH
1959,51.57851344,TH_0000041,TH
1960,39.01699645,TH_0000041,TH
1961,62.85927194,TH_0000041,TH
1962,41.31278539,TH_0000041,TH
1963,59.74790715,TH_0000041,TH
1964,64.6496068,TH_0000041,TH
1965,55.60153475,TH_0000041,TH
1966,48.85369102,TH_0000041,TH
1967,57.68486809,TH_0000041,TH
1968,45.93321918,TH_0000041,TH
1969,55.8685312,TH_0000041,TH
1970,106.2969305,TH_0000041,TH
1971,121.7633815,TH_0000041,TH
1972,63.33650431,TH_0000041,TH
1973,134.8937722,TH_0000041,TH
1974,73.61015982,TH_0000041,TH
1975,118.5467402,TH_0000041,TH
1976,53.17605277,TH_0000041,TH
1977,58.13673262,TH_0000041,TH
1978,92.57927448,TH_0000041,TH
1979,36.30549214,TH_0000041,TH
1980,51.59119736,TH_0000041,TH
1981,71.29090563,TH_0000041,TH
1982,37.11472603,TH_0000041,TH
1983,39.14383562,TH_0000041,TH
1984,45.48040335,TH_0000041,TH
1985,41.87975647,TH_0000041,TH
1986,41.46943176,TH_0000041,TH
1987,39.15525114,TH_0000041,TH
1988,51.58009893,TH_0000041,TH
1989,39.94672755,TH_0000041,TH
1990,33.22425165,TH_0000041,TH
1991,25.69951801,TH_0000041,TH
1992,23.02828513,TH_0000041,TH
1993,21.24778031,TH_0000041,TH
1994,73.5372273,TH_0000041,TH
1995,65.93575596,TH_0000041,TH
1996,45.98205226,TH_0000041,TH
1997,31.70218163,TH_0000041,TH
1998,16.26204972,TH_0000041,TH
1999,30.65956367,TH_0000041,TH
2000,37.6071791,TH_0000041,TH
2001,43.41673009,TH_0000041,TH
2002,55.00729325,TH_0000041,TH
2003,35.81557585,TH_0000041,TH
2004,55.41603247,TH_0000041,TH
2005,81.936517,TH_0000041,TH
2006,71.90861238,TH_0000041,TH
2007,40.57648402,TH_0000041,TH
2008,43.98401826,TH_0000041,TH
2009,27.99594115,TH_0000041,TH
2010,42.30657027,TH_0000041,TH
2011,93.53754439,TH_0000041,TH
2012,32.26376205,TH_0000041,TH
1957,529.9974632,TH_0000178,TH
1958,400.145865,TH_0000178,TH
1959,735.064688,TH_0000178,TH
1960,632.4835109,TH_0000178,TH
1961,1046.676814,TH_0000178,TH
1962,764.1108574,TH_0000178,TH
1963,751.9977169,TH_0000178,TH
1964,803.1139016,TH_0000178,TH
1965,525.5898021,TH_0000178,TH
1966,733.5109082,TH_0000178,TH
1967,585.2042111,TH_0000178,TH
1968,471.5563166,TH_0000178,TH
1969,645.9918823,TH_0000178,TH
1970,1182.236175,TH_0000178,TH
1971,778.2534247,TH_0000178,TH
1972,497.1461187,TH_0000178,TH
1973,708.1113648,TH_0000178,TH
1974,683.3460173,TH_0000178,TH
1975,1135.210553,TH_0000178,TH
1976,1004.344242,TH_0000178,TH
1977,717.0535261,TH_0000178,TH
1978,954.8452562,TH_0000178,TH
1979,632.0395738,TH_0000178,TH
1980,901.4776763,TH_0000178,TH
1981,802.4162861,TH_0000178,TH
1982,630.9931507,TH_0000178,TH
1983,762.8741755,TH_0000178,TH
1984,596.0806697,TH_0000178,TH
1985,744.7361745,TH_0000178,TH
1986,636.4472349,TH_0000178,TH
1987,580.2257737,TH_0000178,TH
1988,581.8746829,TH_0000178,TH
1989,528.0314561,TH_0000178,TH
1990,544.4254186,TH_0000178,TH
1991,459.4431761,TH_0000178,TH
1992,377.1245561,TH_0000178,TH
1993,357.9401319,TH_0000178,TH
1994,717.5925926,TH_0000178,TH
1995,1101.566464,TH_0000178,TH
1996,1044.298579,TH_0000178,TH
1997,518.8673262,TH_0000178,TH
1998,399.701928,TH_0000178,TH
1999,684.5826991,TH_0000178,TH
2000,786.2125824,TH_0000178,TH
2001,853.6910198,TH_0000178,TH
2002,1014.110857,TH_0000178,TH
2003,647.6090817,TH_0000178,TH
2004,575.2790462,TH_0000178,TH
2005,550.5771182,TH_0000178,TH
2006,1158.48554,TH_0000178,TH
2007,791.5715373,TH_0000178,TH
2008,796.8353628,TH_0000178,TH
2009,632.7054795,TH_0000178,TH
2010,742.2945205,TH_0000178,TH
2011,1541.571537,TH_0000178,TH
2012,825.9449518,TH_0000178,TH
1937,363.5390313,TJ_0000003,TJ
1938,,TJ_0000003,TJ
1939,,TJ_0000003,TJ
1940,,TJ_0000003,TJ
1941,391.8780822,TJ_0000003,TJ
1942,382.0807365,TJ_0000003,TJ
1943,308.7994521,TJ_0000003,TJ
1944,303.0737705,TJ_0000003,TJ
1945,327.8739726,TJ_0000003,TJ
1946,297.4273973,TJ_0000003,TJ
1947,275.0054795,TJ_0000003,TJ
1948,310.3879781,TJ_0000003,TJ
1949,332.7260274,TJ_0000003,TJ
1950,334.3780822,TJ_0000003,TJ
1951,270.8416438,TJ_0000003,TJ
1952,384.147541,TJ_0000003,TJ
1953,382.309589,TJ_0000003,TJ
1954,,TJ_0000003,TJ
1955,,TJ_0000003,TJ
1956,381.78125,TJ_0000003,TJ
1957,262.1676712,TJ_0000003,TJ
1958,361.6630137,TJ_0000003,TJ
1959,377.7041096,TJ_0000003,TJ
1960,338.4262295,TJ_0000003,TJ
1961,331.2438356,TJ_0000003,TJ
1962,254.4112329,TJ_0000003,TJ
1963,296.2728767,TJ_0000003,TJ
1964,325.9972678,TJ_0000003,TJ
1965,277.7153425,TJ_0000003,TJ
1966,354.4,TJ_0000003,TJ
1967,308.3808219,TJ_0000003,TJ
1968,320.0423497,TJ_0000003,TJ
1969,363.7126027,TJ_0000003,TJ
1970,352.6949153,TJ_0000003,TJ
1971,306.5989041,TJ_0000003,TJ
1972,259.1622951,TJ_0000003,TJ
1973,426.2255495,TJ_0000003,TJ
1974,258.2197183,TJ_0000003,TJ
1975,297.8487671,TJ_0000003,TJ
1976,299.4300546,TJ_0000003,TJ
1977,374.4335211,TJ_0000003,TJ
1978,398.0463014,TJ_0000003,TJ
1979,344.3068493,TJ_0000003,TJ
1980,360.4662921,TJ_0000003,TJ
1981,292.7554945,TJ_0000003,TJ
1982,252.6109589,TJ_0000003,TJ
1983,309.6063014,TJ_0000003,TJ
1984,329.1290141,TJ_0000003,TJ
1985,277.8180822,TJ_0000003,TJ
1986,232.5786301,TJ_0000003,TJ
