point,long,lat
1,0,60
2,2,60
3,4,60
4,6,60
11,20,60
12,22,60
87,172,60
88,174,60
89,176,60
90,178,60
91,180,60
105,208,60
106,210,60
107,212,60
108,214,60
109,216,60
110,218,60
111,220,60
154,306,60
155,308,60
156,310,60
157,312,60
158,314,60
159,316,60
160,318,60
161,320,60
162,322,60
163,324,60
164,326,60
165,328,60
166,330,60
167,332,60
168,334,60
169,336,60
170,338,60
171,340,60
172,342,60
173,344,60
174,346,60
175,348,60
176,350,60
177,352,60
178,354,60
179,356,60
180,358,60
181,0,58
182,2,58
183,4,58
184,6,58
185,8,58
186,10,58
187,12,58
190,18,58
191,20,58
192,22,58
265,168,58
266,170,58
267,172,58
268,174,58
269,176,58
270,178,58
271,180,58
272,182,58
273,184,58
274,186,58
275,188,58
283,204,58
284,206,58
285,208,58
286,210,58
287,212,58
288,214,58
289,216,58
290,218,58
291,220,58
292,222,58
293,224,58
294,226,58
333,304,58
334,306,58
335,308,58
336,310,58
337,312,58
338,314,58
339,316,58
340,318,58
341,320,58
342,322,58
343,324,58
344,326,58
345,328,58
346,330,58
347,332,58
348,334,58
349,336,58
350,338,58
351,340,58
352,342,58
353,344,58
354,346,58
355,348,58
356,350,58
357,352,58
358,354,58
359,356,58
360,358,58
361,0,56
362,2,56
363,4,56
364,6,56
365,8,56
366,10,56
367,12,56
368,14,56
369,16,56
370,18,56
371,20,56
372,22,56
442,162,56
443,164,56
444,166,56
445,168,56
446,170,56
447,172,56
448,174,56
449,176,56
450,178,56
451,180,56
452,182,56
453,184,56
454,186,56
455,188,56
456,190,56
457,192,56
458,194,56
459,196,56
460,198,56
461,200,56
462,202,56
463,204,56
464,206,56
465,208,56
466,210,56
467,212,56
468,214,56
469,216,56
470,218,56
471,220,56
472,222,56
473,224,56
474,226,56
475,228,56
514,306,56
515,308,56
516,310,56
517,312,56
518,314,56
519,316,56
520,318,56
521,320,56
522,322,56
523,324,56
524,326,56
525,328,56
526,330,56
527,332,56
528,334,56
529,336,56
530,338,56
531,340,56
532,342,56
533,344,56
534,346,56
535,348,56
536,350,56
537,352,56
538,354,56
539,356,56
542,2,54
543,4,54
544,6,54
545,8,54
546,10,54
618,154,54
619,156,54
621,160,54
622,162,54
623,164,54
624,166,54
625,168,54
626,170,54
627,172,54
628,174,54
629,176,54
630,178,54
631,180,54
632,182,54
633,184,54
634,186,54
635,188,54
636,190,54
637,192,54
638,194,54
639,196,54
640,198,54
641,200,54
642,202,54
643,204,54
644,206,54
645,208,54
646,210,54
647,212,54
648,214,54
649,216,54
650,218,54
651,220,54
652,222,54
653,224,54
654,226,54
655,228,54
656,230,54
695,308,54
696,310,54
697,312,54
698,314,54
699,316,54
700,318,54
701,320,54
702,322,54
703,324,54
704,326,54
705,328,54
706,330,54
707,332,54
708,334,54
709,336,54
710,338,54
711,340,54
712,342,54
713,344,54
714,346,54
715,348,54
716,350,54
718,354,54
719,356,54
721,0,52
722,2,52
723,4,52
797,152,52
798,154,52
799,156,52
800,158,52
801,160,52
802,162,52
803,164,52
804,166,52
805,168,52
806,170,52
807,172,52
808,174,52
809,176,52
810,178,52
811,180,52
812,182,52
813,184,52
814,186,52
815,188,52
816,190,52
817,192,52
818,194,52
819,196,52
820,198,52
821,200,52
822,202,52
823,204,52
824,206,52
825,208,52
826,210,52
827,212,52
828,214,52
829,216,52
830,218,52
831,220,52
832,222,52
833,224,52
834,226,52
835,228,52
836,230,52
837,232,52
875,308,52
876,310,52
877,312,52
878,314,52
879,316,52
880,318,52
881,320,52
882,322,52
883,324,52
884,326,52
885,328,52
886,330,52
887,332,52
888,334,52
889,336,52
890,338,52
891,340,52
892,342,52
893,344,52
894,346,52
895,348,52
896,350,52
897,352,52
898,354,52
899,356,52
900,358,52
977,152,50
978,154,50
979,156,50
980,158,50
981,160,50
982,162,50
983,164,50
984,166,50
985,168,50
986,170,50
987,172,50
988,174,50
989,176,50
990,178,50
991,180,50
992,182,50
993,184,50
994,186,50
995,188,50
996,190,50
997,192,50
998,194,50
999,196,50
1000,198,50
1001,200,50
1002,202,50
1003,204,50
1004,206,50
1005,208,50
1006,210,50
1007,212,50
1008,214,50
1009,216,50
1010,218,50
1011,220,50
1012,222,50
1013,224,50
1014,226,50
1015,228,50
1016,230,50
1017,232,50
1018,234,50
1019,236,50
1056,310,50
1057,312,50
1058,314,50
1059,316,50
1060,318,50
1061,320,50
1062,322,50
1063,324,50
1064,326,50
1065,328,50
1066,330,50
1067,332,50
1068,334,50
1069,336,50
1070,338,50
1071,340,50
1072,342,50
1073,344,50
1074,346,50
1075,348,50
1076,350,50
1077,352,50
1078,354,50
1079,356,50
1080,358,50
1151,140,48
1156,150,48
1157,152,48
1158,154,48
1159,156,48
1160,158,48
1161,160,48
1162,162,48
1163,164,48
1164,166,48
1165,168,48
1166,170,48
1167,172,48
1168,174,48
1169,176,48
1170,178,48
1171,180,48
1172,182,48
1173,184,48
1174,186,48
1175,188,48
1176,190,48
1177,192,48
1178,194,48
1179,196,48
1180,198,48
1181,200,48
1182,202,48
1183,204,48
1184,206,48
1185,208,48
1186,210,48
1187,212,48
1188,214,48
1189,216,48
1190,218,48
1191,220,48
1192,222,48
1193,224,48
1194,226,48
1195,228,48
1196,230,48
1197,232,48
1198,234,48
1199,236,48
1216,270,48
1217,272,48
1218,274,48
1219,276,48
1237,312,48
1238,314,48
1239,316,48
1240,318,48
1241,320,48
1242,322,48
1243,324,48
1244,326,48
1245,328,48
1246,330,48
1247,332,48
1248,334,48
1249,336,48
1250,338,48
1251,340,48
1252,342,48
1253,344,48
1254,346,48
1255,348,48
1256,350,48
1257,352,48
1258,354,48
1259,356,48
1260,358,48
1268,14,46
1276,30,46
1277,32,46
1279,36,46
1280,38,46
1285,48,46
1286,50,46
1330,138,46
1331,140,46
1332,142,46
1335,148,46
1336,150,46
1337,152,46
1338,154,46
1339,156,46
1340,158,46
1341,160,46
1342,162,46
1343,164,46
1344,166,46
1345,168,46
1346,170,46
1347,172,46
1348,174,46
1349,176,46
1350,178,46
1351,180,46
1352,182,46
1353,184,46
1354,186,46
1355,188,46
1356,190,46
1357,192,46
1358,194,46
1359,196,46
1360,198,46
1361,200,46
1362,202,46
1363,204,46
1364,206,46
1365,208,46
1366,210,46
1367,212,46
1368,214,46
1369,216,46
1370,218,46
1371,220,46
1372,222,46
1373,224,46
1374,226,46
1375,228,46
1376,230,46
1377,232,46
1378,234,46
1379,236,46
1398,274,46
1399,276,46
1400,278,46
1401,280,46
1417,312,46
1418,314,46
1419,316,46
1420,318,46
1421,320,46
1422,322,46
1423,324,46
1424,326,46
1425,328,46
1426,330,46
1427,332,46
1428,334,46
1429,336,46
1430,338,46
1431,340,46
1432,342,46
1433,344,46
1434,346,46
1435,348,46
1436,350,46
1437,352,46
1438,354,46
1439,356,46
1440,358,46
1443,4,44
1444,6,44
1445,8,44
1446,10,44
1448,14,44
1449,16,44
1456,30,44
1457,32,44
1458,34,44
1459,36,44
1460,38,44
1461,40,44
1465,48,44
1466,50,44
1467,52,44
1509,136,44
1510,138,44
1511,140,44
1512,142,44
1514,146,44
1515,148,44
1516,150,44
1517,152,44
1518,154,44
1519,156,44
1520,158,44
1521,160,44
1522,162,44
1523,164,44
1524,166,44
1525,168,44
1526,170,44
1527,172,44
1528,174,44
1529,176,44
1530,178,44
1531,180,44
1532,182,44
1533,184,44
1534,186,44
1535,188,44
1536,190,44
1537,192,44
1538,194,44
1539,196,44
1540,198,44
1541,200,44
1542,202,44
1543,204,44
1544,206,44
1545,208,44
1546,210,44
1547,212,44
1548,214,44
1549,216,44
1550,218,44
1551,220,44
1552,222,44
1553,224,44
1554,226,44
1555,228,44
1556,230,44
1557,232,44
1558,234,44
1559,236,44
1578,274,44
1580,278,44
1581,280,44
1582,282,44
1583,284,44
1586,290,44
1587,292,44
1588,294,44
1590,298,44
1591,300,44
1592,302,44
1593,304,44
1594,306,44
1595,308,44
1596,310,44
1597,312,44
1598,314,44
1599,316,44
1600,318,44
1601,320,44
1602,322,44
1603,324,44
1604,326,44
1605,328,44
1606,330,44
1607,332,44
1608,334,44
1609,336,44
1610,338,44
1611,340,44
1612,342,44
1613,344,44
1614,346,44
1615,348,44
1616,350,44
1617,352,44
1618,354,44
1619,356,44
1620,358,44
1623,4,42
1624,6,42
1625,8,42
1626,10,42
1627,12,42
1628,14,42
1630,18,42
1631,20,42
1636,30,42
1637,32,42
1639,36,42
1640,38,42
1641,40,42
1642,42,42
1646,50,42
1647,52,42
1648,54,42
1686,130,42
1687,132,42
1688,134,42
1689,136,42
1690,138,42
1691,140,42
1692,142,42
1693,144,42
1694,146,42
1695,148,42
1696,150,42
1697,152,42
1698,154,42
1699,156,42
1700,158,42
1701,160,42
1702,162,42
1703,164,42
1704,166,42
1705,168,42
1706,170,42
1707,172,42
1708,174,42
1709,176,42
1710,178,42
1711,180,42
1712,182,42
1713,184,42
1714,186,42
1715,188,42
1716,190,42
1717,192,42
1718,194,42
1719,196,42
1720,198,42
1721,200,42
1722,202,42
1723,204,42
1724,206,42
1725,208,42
1726,210,42
1727,212,42
1728,214,42
1729,216,42
1730,218,42
1731,220,42
1732,222,42
1733,224,42
1734,226,42
1735,228,42
1736,230,42
1737,232,42
1738,234,42
1739,236,42
1760,278,42
1761,280,42
1765,288,42
1766,290,42
1767,292,42
1768,294,42
1769,296,42
1770,298,42
1771,300,42
1772,302,42
1773,304,42
1774,306,42
1775,308,42
1776,310,42
1777,312,42
1778,314,42
1779,316,42
1780,318,42
1781,320,42
1782,322,42
1783,324,42
1784,326,42
1785,328,42
1786,330,42
1787,332,42
1788,334,42
1789,336,42
1790,338,42
1791,340,42
1792,342,42
1793,344,42
1794,346,42
1795,348,42
1796,350,42
1797,352,42
1801,0,40
1802,2,40
1803,4,40
1804,6,40
1805,8,40
1806,10,40
1807,12,40
1808,14,40
1809,16,40
1810,18,40
1811,20,40
1813,24,40
1814,26,40
1826,50,40
1827,52,40
1828,54,40
1861,120,40
1862,122,40
1863,124,40
1864,126,40
1866,130,40
1867,132,40
1868,134,40
1869,136,40
1870,138,40
1871,140,40
1873,144,40
1874,146,40
1875,148,40
1876,150,40
1877,152,40
1878,154,40
1879,156,40
1880,158,40
1881,160,40
1882,162,40
1883,164,40
1884,166,40
1885,168,40
1886,170,40
1887,172,40
1888,174,40
1889,176,40
1890,178,40
1891,180,40
1892,182,40
1893,184,40
1894,186,40
1895,188,40
1896,190,40
1897,192,40
1898,194,40
1899,196,40
1900,198,40
1901,200,40
1902,202,40
1903,204,40
1904,206,40
1905,208,40
1906,210,40
1907,212,40
1908,214,40
1909,216,40
1910,218,40
1911,220,40
1912,222,40
1913,224,40
1914,226,40
1915,228,40
1916,230,40
1917,232,40
1918,234,40
1919,236,40
1943,284,40
1944,286,40
1945,288,40
1946,290,40
1947,292,40
1948,294,40
1949,296,40
1950,298,40
1951,300,40
1952,302,40
1953,304,40
1954,306,40
1955,308,40
1956,310,40
1957,312,40
1958,314,40
1959,316,40
1960,318,40
1961,320,40
1962,322,40
1963,324,40
1964,326,40
1965,328,40
1966,330,40
1967,332,40
1968,334,40
1969,336,40
1970,338,40
1971,340,40
1972,342,40
1973,344,40
1974,346,40
1975,348,40
1976,350,40
1981,0,38
1982,2,38
1983,4,38
1984,6,38
1985,8,38
1986,10,38
1987,12,38
1988,14,38
1989,16,38
1990,18,38
1991,20,38
1992,22,38
1993,24,38
1994,26,38
1995,28,38
2006,50,38
2007,52,38
2008,54,38
2041,120,38
2042,122,38
2043,124,38
2044,126,38
2046,130,38
2047,132,38
2048,134,38
2049,136,38
2050,138,38
2052,142,38
2053,144,38
2054,146,38
2055,148,38
2056,150,38
2057,152,38
2058,154,38
2059,156,38
2060,158,38
2061,160,38
2062,162,38
2063,164,38
2064,166,38
2065,168,38
2066,170,38
2067,172,38
2068,174,38
2069,176,38
2070,178,38
2071,180,38
2072,182,38
2073,184,38
2074,186,38
2075,188,38
2076,190,38
2077,192,38
2078,194,38
2079,196,38
2080,198,38
2081,200,38
2082,202,38
2083,204,38
2084,206,38
2085,208,38
2086,210,38
2087,212,38
2088,214,38
2089,216,38
2090,218,38
2091,220,38
2092,222,38
2093,224,38
2094,226,38
2095,228,38
2096,230,38
2097,232,38
2098,234,38
2099,236,38
2100,238,38
2123,284,38
2124,286,38
2125,288,38
2126,290,38
2127,292,38
2128,294,38
2129,296,38
2130,298,38
2131,300,38
2132,302,38
2133,304,38
2134,306,38
2135,308,38
2136,310,38
2137,312,38
2138,314,38
2139,316,38
2140,318,38
2141,320,38
2142,322,38
2143,324,38
2144,326,38
2145,328,38
2146,330,38
2147,332,38
2148,334,38
2149,336,38
2150,338,38
2151,340,38
2152,342,38
2153,344,38
2154,346,38
2155,348,38
2156,350,38
2157,352,38
2167,12,36
2168,14,36
2169,16,36
2170,18,36
2171,20,36
2172,22,36
2173,24,36
2174,26,36
2175,28,36
2176,30,36
2177,32,36
2178,34,36
2179,36,36
2222,122,36
2223,124,36
2224,126,36
2226,130,36
2227,132,36
2228,134,36
2229,136,36
2231,140,36
2232,142,36
2233,144,36
2234,146,36
2235,148,36
2236,150,36
2237,152,36
2238,154,36
2239,156,36
2240,158,36
2241,160,36
2242,162,36
2243,164,36
2244,166,36
2245,168,36
2246,170,36
2247,172,36
2248,174,36
2249,176,36
2250,178,36
2251,180,36
2252,182,36
2253,184,36
2254,186,36
2255,188,36
2256,190,36
2257,192,36
2258,194,36
2259,196,36
2260,198,36
2261,200,36
2262,202,36
2263,204,36
2264,206,36
2265,208,36
2266,210,36
2267,212,36
2268,214,36
2269,216,36
2270,218,36
2271,220,36
2272,222,36
2273,224,36
2274,226,36
2275,228,36
2276,230,36
2277,232,36
2278,234,36
2279,236,36
2280,238,36
2303,284,36
2304,286,36
2305,288,36
2306,290,36
2307,292,36
2308,294,36
2309,296,36
2310,298,36
2311,300,36
2312,302,36
2313,304,36
2314,306,36
2315,308,36
2316,310,36
2317,312,36
2318,314,36
2319,316,36
2320,318,36
2321,320,36
2322,322,36
2323,324,36
2324,326,36
2325,328,36
2326,330,36
2327,332,36
2328,334,36
2329,336,36
2330,338,36
2331,340,36
2332,342,36
2333,344,36
2334,346,36
2335,348,36
2336,350,36
2337,352,36
2338,354,36
2339,356,36
2340,358,36
2347,12,34
2348,14,34
2349,16,34
2350,18,34
2351,20,34
2352,22,34
2353,24,34
2354,26,34
2355,28,34
2356,30,34
2357,32,34
2358,34,34
2359,36,34
2402,122,34
2403,124,34
2404,126,34
2405,128,34
2406,130,34
2407,132,34
2408,134,34
2409,136,34
2410,138,34
2411,140,34
2412,142,34
2413,144,34
2414,146,34
2415,148,34
2416,150,34
2417,152,34
2418,154,34
2419,156,34
2420,158,34
2421,160,34
2422,162,34
2423,164,34
2424,166,34
2425,168,34
2426,170,34
2427,172,34
2428,174,34
2429,176,34
2430,178,34
2431,180,34
2432,182,34
2433,184,34
2434,186,34
2435,188,34
2436,190,34
2437,192,34
2438,194,34
2439,196,34
2440,198,34
2441,200,34
2442,202,34
2443,204,34
2444,206,34
2445,208,34
2446,210,34
2447,212,34
2448,214,34
2449,216,34
2450,218,34
2451,220,34
2452,222,34
2453,224,34
2454,226,34
2455,228,34
2456,230,34
2457,232,34
2458,234,34
2459,236,34
2460,238,34
2461,240,34
2462,242,34
2482,282,34
2483,284,34
2484,286,34
2485,288,34
2486,290,34
2487,292,34
2488,294,34
2489,296,34
2490,298,34
2491,300,34
2492,302,34
2493,304,34
2494,306,34
2495,308,34
2496,310,34
2497,312,34
2498,314,34
2499,316,34
2500,318,34
2501,320,34
2502,322,34
2503,324,34
2504,326,34
2505,328,34
2506,330,34
2507,332,34
2508,334,34
2509,336,34
2510,338,34
2511,340,34
2512,342,34
2513,344,34
2514,346,34
2515,348,34
2516,350,34
2517,352,34
2529,16,32
2530,18,32
2531,20,32
2534,26,32
2535,28,32
2536,30,32
2537,32,32
2538,34,32
2582,122,32
2583,124,32
2584,126,32
2585,128,32
2586,130,32
2587,132,32
2588,134,32
2589,136,32
2590,138,32
2591,140,32
2592,142,32
2593,144,32
2594,146,32
2595,148,32
2596,150,32
2597,152,32
2598,154,32
2599,156,32
2600,158,32
2601,160,32
2602,162,32
2603,164,32
2604,166,32
2605,168,32
2606,170,32
2607,172,32
2608,174,32
2609,176,32
2610,178,32
2611,180,32
2612,182,32
2613,184,32
2614,186,32
2615,188,32
2616,190,32
2617,192,32
2618,194,32
2619,196,32
2620,198,32
2621,200,32
2622,202,32
2623,204,32
2624,206,32
2625,208,32
2626,210,32
2627,212,32
2628,214,32
2629,216,32
2630,218,32
2631,220,32
2632,222,32
2633,224,32
2634,226,32
2635,228,32
2636,230,32
2637,232,32
2638,234,32
2639,236,32
2640,238,32
2641,240,32
2642,242,32
2643,244,32
2644,246,32
2661,280,32
2662,282,32
2663,284,32
2664,286,32
2665,288,32
2666,290,32
2667,292,32
2668,294,32
2669,296,32
2670,298,32
2671,300,32
2672,302,32
2673,304,32
2674,306,32
2675,308,32
2676,310,32
2677,312,32
2678,314,32
2679,316,32
2680,318,32
2681,320,32
2682,322,32
2683,324,32
2684,326,32
2685,328,32
2686,330,32
2687,332,32
2688,334,32
2689,336,32
2690,338,32
2691,340,32
2692,342,32
2693,344,32
2694,346,32
2695,348,32
2696,350,32
2726,50,30
2762,122,30
2763,124,30
2764,126,30
2765,128,30
2766,130,30
2767,132,30
2768,134,30
2769,136,30
2770,138,30
2771,140,30
2772,142,30
2773,144,30
2774,146,30
2775,148,30
2776,150,30
2777,152,30
2778,154,30
2779,156,30
2780,158,30
2781,160,30
2782,162,30
2783,164,30
2784,166,30
2785,168,30
2786,170,30
2787,172,30
2788,174,30
2789,176,30
2790,178,30
2791,180,30
2792,182,30
2793,184,30
2794,186,30
2795,188,30
2796,190,30
2797,192,30
2798,194,30
2799,196,30
2800,198,30
2801,200,30
2802,202,30
2803,204,30
2804,206,30
2805,208,30
2806,210,30
2807,212,30
2808,214,30
2809,216,30
2810,218,30
2811,220,30
2812,222,30
2813,224,30
2814,226,30
2815,228,30
2816,230,30
2817,232,30
2818,234,30
2819,236,30
2820,238,30
2821,240,30
2822,242,30
2823,244,30
2825,248,30
2834,266,30
2835,268,30
2836,270,30
2837,272,30
2838,274,30
2839,276,30
2841,280,30
2842,282,30
2843,284,30
2844,286,30
2845,288,30
2846,290,30
2847,292,30
2848,294,30
2849,296,30
2850,298,30
2851,300,30
2852,302,30
2853,304,30
2854,306,30
2855,308,30
2856,310,30
2857,312,30
2858,314,30
2859,316,30
2860,318,30
2861,320,30
2862,322,30
2863,324,30
2864,326,30
2865,328,30
2866,330,30
2867,332,30
2868,334,30
2869,336,30
2870,338,30
2871,340,30
2872,342,30
2873,344,30
2874,346,30
2875,348,30
2876,350,30
2898,34,28
2899,36,28
2906,50,28
2907,52,28
2942,122,28
2943,124,28
2944,126,28
2945,128,28
2946,130,28
2947,132,28
2948,134,28
2949,136,28
2950,138,28
2951,140,28
2952,142,28
2953,144,28
2954,146,28
2955,148,28
2956,150,28
2957,152,28
2958,154,28
2959,156,28
2960,158,28
2961,160,28
2962,162,28
2963,164,28
2964,166,28
2965,168,28
2966,170,28
2967,172,28
2968,174,28
2969,176,28
2970,178,28
2971,180,28
2972,182,28
2973,184,28
2974,186,28
2975,188,28
2976,190,28
2977,192,28
2978,194,28
2979,196,28
2980,198,28
2981,200,28
2982,202,28
2983,204,28
2984,206,28
2985,208,28
2986,210,28
2987,212,28
2988,214,28
2989,216,28
2990,218,28
2991,220,28
2992,222,28
2993,224,28
2994,226,28
2995,228,28
2996,230,28
2997,232,28
2998,234,28
2999,236,28
3000,238,28
3001,240,28
3002,242,28
3003,244,28
3004,246,28
3005,248,28
3006,250,28
3013,264,28
3014,266,28
3015,268,28
3016,270,28
3017,272,28
3018,274,28
3019,276,28
3020,278,28
3021,280,28
3022,282,28
3023,284,28
3024,286,28
3025,288,28
3026,290,28
3027,292,28
3028,294,28
3029,296,28
3030,298,28
3031,300,28
3032,302,28
3033,304,28
3034,306,28
3035,308,28
3036,310,28
3037,312,28
3038,314,28
3039,316,28
3040,318,28
3041,320,28
3042,322,28
3043,324,28
3044,326,28
3045,328,28
3046,330,28
3047,332,28
3048,334,28
3049,336,28
3050,338,28
3051,340,28
3052,342,28
3053,344,28
3054,346,28
3079,36,26
3087,52,26
3088,54,26
3089,56,26
3090,58,26
3091,60,26
3093,64,26
3094,66,26
3121,120,26
3122,122,26
3123,124,26
3124,126,26
3125,128,26
3126,130,26
3127,132,26
3128,134,26
3129,136,26
3130,138,26
3131,140,26
3132,142,26
3133,144,26
3134,146,26
3135,148,26
3136,150,26
3137,152,26
3138,154,26
3139,156,26
3140,158,26
3141,160,26
3142,162,26
3143,164,26
3144,166,26
3145,168,26
3146,170,26
3147,172,26
3148,174,26
3149,176,26
3150,178,26
3151,180,26
3152,182,26
3153,184,26
3154,186,26
3155,188,26
3156,190,26
3157,192,26
3158,194,26
3159,196,26
3160,198,26
3161,200,26
3162,202,26
3163,204,26
3164,206,26
3165,208,26
3166,210,26
3167,212,26
3168,214,26
3169,216,26
3170,218,26
3171,220,26
3172,222,26
3173,224,26
3174,226,26
3175,228,26
3176,230,26
3177,232,26
3178,234,26
3179,236,26
3180,238,26
3181,240,26
3182,242,26
3183,244,26
3184,246,26
3185,248,26
3186,250,26
3187,252,26
3193,264,26
3194,266,26
3195,268,26
3196,270,26
3197,272,26
3198,274,26
3199,276,26
3200,278,26
3201,280,26
3202,282,26
3203,284,26
3204,286,26
3205,288,26
3206,290,26
3207,292,26
3208,294,26
3209,296,26
3210,298,26
3211,300,26
3212,302,26
3213,304,26
3214,306,26
3215,308,26
3216,310,26
3217,312,26
3218,314,26
3219,316,26
3220,318,26
3221,320,26
3222,322,26
3223,324,26
3224,326,26
3225,328,26
3226,330,26
3227,332,26
3228,334,26
3229,336,26
3230,338,26
3231,340,26
3232,342,26
3233,344,26
3234,346,26
3259,36,24
3260,38,24
3271,60,24
3272,62,24
3273,64,24
3274,66,24
3275,68,24
3300,118,24
3301,120,24
3302,122,24
3303,124,24
3304,126,24
3305,128,24
3306,130,24
3307,132,24
3308,134,24
3309,136,24
3310,138,24
3311,140,24
3312,142,24
3313,144,24
3314,146,24
3315,148,24
3316,150,24
3317,152,24
3318,154,24
3319,156,24
3320,158,24
3321,160,24
3322,162,24
3323,164,24
3324,166,24
3325,168,24
3326,170,24
3327,172,24
3328,174,24
3329,176,24
3330,178,24
3331,180,24
3332,182,24
3333,184,24
3334,186,24
3335,188,24
3336,190,24
3337,192,24
3338,194,24
3339,196,24
3340,198,24
3341,200,24
3342,202,24
3343,204,24
3344,206,24
3345,208,24
3346,210,24
3347,212,24
3348,214,24
3349,216,24
3350,218,24
3351,220,24
3352,222,24
3353,224,24
3354,226,24
3355,228,24
3356,230,24
3357,232,24
3358,234,24
3359,236,24
3360,238,24
3361,240,24
3362,242,24
3363,244,24
3364,246,24
3365,248,24
3366,250,24
3367,252,24
3368,254,24
3373,264,24
3374,266,24
3375,268,24
3376,270,24
3377,272,24
3378,274,24
3379,276,24
3380,278,24
3381,280,24
3382,282,24
3383,284,24
3384,286,24
3385,288,24
3386,290,24
3387,292,24
3388,294,24
3389,296,24
3390,298,24
3391,300,24
3392,302,24
3393,304,24
3394,306,24
3395,308,24
3396,310,24
3397,312,24
3398,314,24
3399,316,24
3400,318,24
3401,320,24
3402,322,24
3403,324,24
3404,326,24
3405,328,24
3406,330,24
3407,332,24
3408,334,24
3409,336,24
3410,338,24
3411,340,24
3412,342,24
3413,344,24
3440,38,22
3451,60,22
3452,62,22
3453,64,22
3454,66,22
3455,68,22
3456,70,22
3465,88,22
3466,90,22
3467,92,22
3475,108,22
3476,110,22
3477,112,22
3478,114,22
3479,116,22
3480,118,22
3481,120,22
3482,122,22
3483,124,22
3484,126,22
3485,128,22
3486,130,22
3487,132,22
3488,134,22
3489,136,22
3490,138,22
3491,140,22
3492,142,22
3493,144,22
3494,146,22
3495,148,22
3496,150,22
3497,152,22
3498,154,22
3499,156,22
3500,158,22
3501,160,22
3502,162,22
3503,164,22
3504,166,22
3505,168,22
3506,170,22
3507,172,22
3508,174,22
3509,176,22
3510,178,22
3511,180,22
3512,182,22
3513,184,22
3514,186,22
3515,188,22
3516,190,22
3517,192,22
3518,194,22
3519,196,22
3520,198,22
3521,200,22
3522,202,22
3523,204,22
3524,206,22
3525,208,22
3526,210,22
3527,212,22
3528,214,22
3529,216,22
3530,218,22
3531,220,22
3532,222,22
3533,224,22
3534,226,22
3535,228,22
3536,230,22
3537,232,22
3538,234,22
3539,236,22
3540,238,22
3541,240,22
3542,242,22
3543,244,22
3544,246,22
3545,248,22
3546,250,22
3547,252,22
3548,254,22
3553,264,22
3554,266,22
3555,268,22
3556,270,22
3557,272,22
3558,274,22
3559,276,22
3560,278,22
3561,280,22
3562,282,22
3563,284,22
3564,286,22
3565,288,22
3566,290,22
3567,292,22
3568,294,22
3569,296,22
3570,298,22
3571,300,22
3572,302,22
3573,304,22
3574,306,22
3575,308,22
3576,310,22
3577,312,22
3578,314,22
3579,316,22
3580,318,22
3581,320,22
3582,322,22
3583,324,22
3584,326,22
3585,328,22
3586,330,22
3587,332,22
3588,334,22
3589,336,22
3590,338,22
3591,340,22
3592,342,22
3620,38,20
3621,40,20
3630,58,20
3631,60,20
3632,62,20
3633,64,20
3634,66,20
3635,68,20
3636,70,20
3637,72,20
3644,86,20
3645,88,20
3646,90,20
3647,92,20
3648,94,20
3655,108,20
3656,110,20
3657,112,20
3658,114,20
3659,116,20
3660,118,20
3661,120,20
3662,122,20
3663,124,20
3664,126,20
3665,128,20
3666,130,20
3667,132,20
3668,134,20
3669,136,20
3670,138,20
3671,140,20
3672,142,20
3673,144,20
3674,146,20
3675,148,20
3676,150,20
3677,152,20
3678,154,20
3679,156,20
3680,158,20
3681,160,20
3682,162,20
3683,164,20
3684,166,20
3685,168,20
3686,170,20
3687,172,20
3688,174,20
3689,176,20
3690,178,20
3691,180,20
3692,182,20
3693,184,20
3694,186,20
3695,188,20
3696,190,20
3697,192,20
3698,194,20
3699,196,20
3700,198,20
3701,200,20
3702,202,20
3703,204,20
3704,206,20
3705,208,20
3706,210,20
3707,212,20
3708,214,20
3709,216,20
3710,218,20
3711,220,20
3712,222,20
3713,224,20
3714,226,20
3715,228,20
3716,230,20
3717,232,20
3718,234,20
3719,236,20
3720,238,20
3721,240,20
3722,242,20
3723,244,20
3724,246,20
3725,248,20
3726,250,20
3727,252,20
3728,254,20
3733,264,20
3734,266,20
3735,268,20
3736,270,20
3738,274,20
3739,276,20
3740,278,20
3741,280,20
3742,282,20
3743,284,20
3744,286,20
3745,288,20
3746,290,20
3747,292,20
3748,294,20
3749,296,20
3750,298,20
3751,300,20
3752,302,20
3753,304,20
3754,306,20
3755,308,20
3756,310,20
3757,312,20
3758,314,20
3759,316,20
3760,318,20
3761,320,20
3762,322,20
3763,324,20
3764,326,20
3765,328,20
3766,330,20
3767,332,20
3768,334,20
3769,336,20
3770,338,20
3771,340,20
3772,342,20
3773,344,20
3801,40,18
3802,42,18
3809,56,18
3810,58,18
3811,60,18
3812,62,18
3813,64,18
3814,66,18
3815,68,18
3816,70,18
3817,72,18
3823,84,18
3824,86,18
3825,88,18
3826,90,18
3827,92,18
3828,94,18
3835,108,18
3836,110,18
3837,112,18
3838,114,18
3839,116,18
3840,118,18
3841,120,18
3843,124,18
3844,126,18
3845,128,18
3846,130,18
3847,132,18
3848,134,18
3849,136,18
3850,138,18
3851,140,18
3852,142,18
3853,144,18
3854,146,18
3855,148,18
3856,150,18
3857,152,18
3858,154,18
3859,156,18
3860,158,18
3861,160,18
3862,162,18
3863,164,18
3864,166,18
3865,168,18
3866,170,18
3867,172,18
3868,174,18
3869,176,18
3870,178,18
3871,180,18
3872,182,18
3873,184,18
3874,186,18
3875,188,18
3876,190,18
3877,192,18
3878,194,18
3879,196,18
3880,198,18
3881,200,18
3882,202,18
3883,204,18
3884,206,18
3885,208,18
3886,210,18
3887,212,18
3888,214,18
3889,216,18
3890,218,18
3891,220,18
3892,222,18
3893,224,18
3894,226,18
3895,228,18
3896,230,18
3897,232,18
3898,234,18
3899,236,18
3900,238,18
3901,240,18
3902,242,18
3903,244,18
3904,246,18
3905,248,18
3906,250,18
3907,252,18
3908,254,18
3909,256,18
3910,258,18
3917,272,18
3918,274,18
3919,276,18
3920,278,18
3921,280,18
3922,282,18
3923,284,18
3924,286,18
3925,288,18
3926,290,18
3927,292,18
3928,294,18
3929,296,18
3930,298,18
3931,300,18
3932,302,18
3933,304,18
3934,306,18
3935,308,18
3936,310,18
3937,312,18
3938,314,18
3939,316,18
3940,318,18
3941,320,18
3942,322,18
3943,324,18
3944,326,18
3945,328,18
3946,330,18
3947,332,18
3948,334,18
3949,336,18
3950,338,18
3951,340,18
3952,342,18
3953,344,18
3981,40,16
3982,42,16
3987,52,16
3988,54,16
3989,56,16
3990,58,16
3991,60,16
3992,62,16
3993,64,16
3994,66,16
3995,68,16
3996,70,16
3997,72,16
3998,74,16
4002,82,16
4003,84,16
4004,86,16
4005,88,16
4006,90,16
4007,92,16
4008,94,16
4009,96,16
4010,98,16
4016,110,16
4017,112,16
4018,114,16
4019,116,16
4020,118,16
4021,120,16
4022,122,16
4023,124,16
4024,126,16
4025,128,16
4026,130,16
4027,132,16
4028,134,16
4029,136,16
4030,138,16
4031,140,16
4032,142,16
4033,144,16
4034,146,16
4035,148,16
4036,150,16
4037,152,16
4038,154,16
4039,156,16
4040,158,16
4041,160,16
4042,162,16
4043,164,16
4044,166,16
4045,168,16
4046,170,16
4047,172,16
4048,174,16
4049,176,16
4050,178,16
4051,180,16
4052,182,16
4053,184,16
4054,186,16
4055,188,16
4056,190,16
4057,192,16
4058,194,16
4059,196,16
4060,198,16
4061,200,16
4062,202,16
4063,204,16
4064,206,16
4065,208,16
4066,210,16
4067,212,16
4068,214,16
4069,216,16
4070,218,16
4071,220,16
4072,222,16
4073,224,16
4074,226,16
4075,228,16
4076,230,16
4077,232,16
4078,234,16
4079,236,16
4080,238,16
4081,240,16
4082,242,16
4083,244,16
4084,246,16
4085,248,16
4086,250,16
4087,252,16
4088,254,16
4089,256,16
4090,258,16
4091,260,16
4092,262,16
4093,264,16
4094,266,16
4100,278,16
4101,280,16
4102,282,16
4103,284,16
4104,286,16
4105,288,16
4106,290,16
4107,292,16
4108,294,16
4109,296,16
4110,298,16
4111,300,16
4112,302,16
4113,304,16
4114,306,16
4115,308,16
4116,310,16
4117,312,16
4118,314,16
4119,316,16
4120,318,16
4121,320,16
4122,322,16
4123,324,16
4124,326,16
4125,328,16
4126,330,16
4127,332,16
4128,334,16
4129,336,16
4130,338,16
4131,340,16
4132,342,16
4133,344,16
4163,44,14
4164,46,14
4165,48,14
4166,50,14
4167,52,14
4168,54,14
4169,56,14
4170,58,14
4171,60,14
4172,62,14
4173,64,14
4174,66,14
4175,68,14
4176,70,14
4177,72,14
4178,74,14
4182,82,14
4183,84,14
4184,86,14
4185,88,14
4186,90,14
4187,92,14
4188,94,14
4189,96,14
4190,98,14
4196,110,14
4197,112,14
4198,114,14
4199,116,14
4200,118,14
4201,120,14
4202,122,14
4203,124,14
4204,126,14
4205,128,14
4206,130,14
4207,132,14
4208,134,14
4209,136,14
4210,138,14
4211,140,14
4212,142,14
4213,144,14
4214,146,14
4215,148,14
4216,150,14
4217,152,14
4218,154,14
4219,156,14
4220,158,14
4221,160,14
4222,162,14
4223,164,14
4224,166,14
4225,168,14
4226,170,14
4227,172,14
4228,174,14
4229,176,14
4230,178,14
4231,180,14
4232,182,14
4233,184,14
4234,186,14
4235,188,14
4236,190,14
4237,192,14
4238,194,14
4239,196,14
4240,198,14
4241,200,14
4242,202,14
4243,204,14
4244,206,14
4245,208,14
4246,210,14
4247,212,14
4248,214,14
4249,216,14
4250,218,14
4251,220,14
4252,222,14
4253,224,14
4254,226,14
4255,228,14
4256,230,14
4257,232,14
4258,234,14
4259,236,14
4260,238,14
4261,240,14
4262,242,14
4263,244,14
4264,246,14
4265,248,14
4266,250,14
4267,252,14
4268,254,14
4269,256,14
4270,258,14
4271,260,14
4272,262,14
4273,264,14
4274,266,14
4275,268,14
4276,270,14
4277,272,14
4280,278,14
4281,280,14
4282,282,14
4283,284,14
4284,286,14
4285,288,14
4286,290,14
4287,292,14
4288,294,14
4289,296,14
4290,298,14
4291,300,14
4292,302,14
4293,304,14
4294,306,14
4295,308,14
4296,310,14
4297,312,14
4298,314,14
4299,316,14
4300,318,14
4301,320,14
4302,322,14
4303,324,14
4304,326,14
4305,328,14
4306,330,14
4307,332,14
4308,334,14
4309,336,14
4310,338,14
4311,340,14
4312,342,14
4313,344,14
4343,44,12
4344,46,12
4345,48,12
4346,50,12
4347,52,12
4348,54,12
4349,56,12
4350,58,12
4351,60,12
4352,62,12
4353,64,12
4354,66,12
4355,68,12
4356,70,12
4357,72,12
4358,74,12
4359,76,12
4362,82,12
4363,84,12
4364,86,12
4365,88,12
4366,90,12
4367,92,12
4368,94,12
4369,96,12
4370,98,12
4371,100,12
4372,102,12
4376,110,12
4377,112,12
4378,114,12
4379,116,12
4380,118,12
4381,120,12
4382,122,12
4383,124,12
4384,126,12
4385,128,12
4386,130,12
4387,132,12
4388,134,12
4389,136,12
4390,138,12
4391,140,12
4392,142,12
4393,144,12
4394,146,12
4395,148,12
4396,150,12
4397,152,12
4398,154,12
4399,156,12
4400,158,12
4401,160,12
4402,162,12
4403,164,12
4404,166,12
4405,168,12
4406,170,12
4407,172,12
4408,174,12
4409,176,12
4410,178,12
4411,180,12
4412,182,12
4413,184,12
4414,186,12
4415,188,12
4416,190,12
4417,192,12
4418,194,12
4419,196,12
4420,198,12
4421,200,12
4422,202,12
4423,204,12
4424,206,12
4425,208,12
4426,210,12
4427,212,12
4428,214,12
4429,216,12
4430,218,12
4431,220,12
4432,222,12
4433,224,12
4434,226,12
4435,228,12
4436,230,12
4437,232,12
4438,234,12
4439,236,12
4440,238,12
4441,240,12
4442,242,12
4443,244,12
4444,246,12
4445,248,12
4446,250,12
4447,252,12
4448,254,12
4449,256,12
4450,258,12
4451,260,12
4452,262,12
4453,264,12
4454,266,12
4455,268,12
4456,270,12
4457,272,12
4458,274,12
4460,278,12
4461,280,12
4462,282,12
4463,284,12
4464,286,12
4466,290,12
4467,292,12
4468,294,12
4469,296,12
4470,298,12
4471,300,12
4472,302,12
4473,304,12
4474,306,12
4475,308,12
4476,310,12
4477,312,12
4478,314,12
4479,316,12
4480,318,12
4481,320,12
4482,322,12
4483,324,12
4484,326,12
4485,328,12
4486,330,12
4487,332,12
4488,334,12
4489,336,12
4490,338,12
4491,340,12
4492,342,12
4493,344,12
4527,52,10
4528,54,10
4529,56,10
4530,58,10
4531,60,10
4532,62,10
4533,64,10
4534,66,10
4535,68,10
4536,70,10
4537,72,10
4538,74,10
4539,76,10
4541,80,10
4542,82,10
4543,84,10
4544,86,10
4545,88,10
4546,90,10
4547,92,10
4548,94,10
4549,96,10
4550,98,10
4551,100,10
4552,102,10
4553,104,10
4555,108,10
4556,110,10
4557,112,10
4558,114,10
4559,116,10
4560,118,10
4561,120,10
4562,122,10
4563,124,10
4564,126,10
4565,128,10
4566,130,10
4567,132,10
4568,134,10
4569,136,10
4570,138,10
4571,140,10
4572,142,10
4573,144,10
4574,146,10
4575,148,10
4576,150,10
4577,152,10
4578,154,10
4579,156,10
4580,158,10
4581,160,10
4582,162,10
4583,164,10
4584,166,10
4585,168,10
4586,170,10
4587,172,10
4588,174,10
4589,176,10
4590,178,10
4591,180,10
4592,182,10
4593,184,10
4594,186,10
4595,188,10
4596,190,10
4597,192,10
4598,194,10
4599,196,10
4600,198,10
4601,200,10
4602,202,10
4603,204,10
4604,206,10
4605,208,10
4606,210,10
4607,212,10
4608,214,10
4609,216,10
4610,218,10
4611,220,10
4612,222,10
4613,224,10
4614,226,10
4615,228,10
4616,230,10
4617,232,10
4618,234,10
4619,236,10
4620,238,10
4621,240,10
4622,242,10
4623,244,10
4624,246,10
4625,248,10
4626,250,10
4627,252,10
4628,254,10
4629,256,10
4630,258,10
4631,260,10
4632,262,10
4633,264,10
4634,266,10
4635,268,10
4636,270,10
4637,272,10
4638,274,10
4639,276,10
4640,278,10
4641,280,10
4642,282,10
4643,284,10
4651,300,10
4652,302,10
4653,304,10
4654,306,10
4655,308,10
4656,310,10
4657,312,10
4658,314,10
4659,316,10
4660,318,10
4661,320,10
4662,322,10
4663,324,10
4664,326,10
4665,328,10
4666,330,10
4667,332,10
4668,334,10
4669,336,10
4670,338,10
4671,340,10
4672,342,10
4673,344,10
4674,346,10
4706,50,8
4707,52,8
4708,54,8
4709,56,8
4710,58,8
4711,60,8
4712,62,8
4713,64,8
4714,66,8
4715,68,8
4716,70,8
4717,72,8
4718,74,8
4719,76,8
4720,78,8
4721,80,8
4722,82,8
4723,84,8
4724,86,8
4725,88,8
4726,90,8
4727,92,8
4728,94,8
4729,96,8
4730,98,8
4731,100,8
4732,102,8
4733,104,8
4734,106,8
4735,108,8
4736,110,8
4737,112,8
4738,114,8
4739,116,8
4740,118,8
4741,120,8
4742,122,8
4743,124,8
4745,128,8
4746,130,8
4747,132,8
4748,134,8
4749,136,8
4750,138,8
4751,140,8
4752,142,8
4753,144,8
4754,146,8
4755,148,8
4756,150,8
4757,152,8
4758,154,8
4759,156,8
4760,158,8
4761,160,8
4762,162,8
4763,164,8
4764,166,8
4765,168,8
4766,170,8
4767,172,8
4768,174,8
4769,176,8
4770,178,8
4771,180,8
4772,182,8
4773,184,8
4774,186,8
4775,188,8
4776,190,8
4777,192,8
4778,194,8
4779,196,8
4780,198,8
4781,200,8
4782,202,8
4783,204,8
4784,206,8
4785,208,8
4786,210,8
4787,212,8
4788,214,8
4789,216,8
4790,218,8
4791,220,8
4792,222,8
4793,224,8
4794,226,8
4795,228,8
4796,230,8
4797,232,8
4798,234,8
4799,236,8
4800,238,8
4801,240,8
4802,242,8
4803,244,8
4804,246,8
4805,248,8
4806,250,8
4807,252,8
4808,254,8
4809,256,8
4810,258,8
4811,260,8
4812,262,8
4813,264,8
4814,266,8
4815,268,8
4816,270,8
4817,272,8
4818,274,8
4819,276,8
4820,278,8
4821,280,8
4822,282,8
4832,302,8
4833,304,8
4834,306,8
4835,308,8
4836,310,8
4837,312,8
4838,314,8
4839,316,8
4840,318,8
4841,320,8
4842,322,8
4843,324,8
4844,326,8
4845,328,8
4846,330,8
4847,332,8
4848,334,8
4849,336,8
4850,338,8
4851,340,8
4852,342,8
4853,344,8
4854,346,8
4855,348,8
4861,0,6
4862,2,6
4863,4,6
4864,6,6
4886,50,6
4887,52,6
4888,54,6
4889,56,6
4890,58,6
4891,60,6
4892,62,6
4893,64,6
4894,66,6
4895,68,6
4896,70,6
4897,72,6
4898,74,6
4899,76,6
4900,78,6
4901,80,6
4902,82,6
4903,84,6
4904,86,6
4905,88,6
4906,90,6
4907,92,6
4908,94,6
4909,96,6
4910,98,6
4911,100,6
4913,104,6
4914,106,6
4915,108,6
4916,110,6
4917,112,6
4918,114,6
4919,116,6
4921,120,6
4922,122,6
4923,124,6
4924,126,6
4925,128,6
4926,130,6
4927,132,6
4928,134,6
4929,136,6
4930,138,6
4931,140,6
4932,142,6
4933,144,6
4934,146,6
4935,148,6
4936,150,6
4937,152,6
4938,154,6
4939,156,6
4940,158,6
4941,160,6
4942,162,6
4943,164,6
4944,166,6
4945,168,6
4946,170,6
4947,172,6
4948,174,6
4949,176,6
4950,178,6
4951,180,6
4952,182,6
4953,184,6
4954,186,6
4955,188,6
4956,190,6
4957,192,6
4958,194,6
4959,196,6
4960,198,6
4961,200,6
4962,202,6
4963,204,6
4964,206,6
4965,208,6
4966,210,6
4967,212,6
4968,214,6
4969,216,6
4970,218,6
4971,220,6
4972,222,6
4973,224,6
4974,226,6
4975,228,6
4976,230,6
4977,232,6
4978,234,6
4979,236,6
4980,238,6
4981,240,6
4982,242,6
4983,244,6
4984,246,6
4985,248,6
4986,250,6
4987,252,6
4988,254,6
4989,256,6
4990,258,6
4991,260,6
4992,262,6
4993,264,6
4994,266,6
4995,268,6
4996,270,6
4997,272,6
4998,274,6
4999,276,6
5000,278,6
5001,280,6
5002,282,6
5015,308,6
5016,310,6
5017,312,6
5018,314,6
5019,316,6
5020,318,6
5021,320,6
5022,322,6
5023,324,6
5024,326,6
5025,328,6
5026,330,6
5027,332,6
5028,334,6
5029,336,6
5030,338,6
5031,340,6
5032,342,6
5033,344,6
5034,346,6
5035,348,6
5036,350,6
5041,0,4
5042,2,4
5043,4,4
5044,6,4
5045,8,4
5046,10,4
5065,48,4
5066,50,4
5067,52,4
5068,54,4
5069,56,4
5070,58,4
5071,60,4
5072,62,4
5073,64,4
5074,66,4
5075,68,4
5076,70,4
5077,72,4
5078,74,4
5079,76,4
5080,78,4
5081,80,4
5082,82,4
5083,84,4
5084,86,4
5085,88,4
5086,90,4
5087,92,4
5088,94,4
5089,96,4
5091,100,4
5093,104,4
5094,106,4
5095,108,4
5096,110,4
5097,112,4
5098,114,4
5100,118,4
5101,120,4
5102,122,4
5103,124,4
5104,126,4
5105,128,4
5106,130,4
5107,132,4
5108,134,4
5109,136,4
5110,138,4
5111,140,4
5112,142,4
5113,144,4
5114,146,4
5115,148,4
5116,150,4
5117,152,4
5118,154,4
5119,156,4
5120,158,4
5121,160,4
5122,162,4
5123,164,4
5124,166,4
5125,168,4
5126,170,4
5127,172,4
5128,174,4
5129,176,4
5130,178,4
5131,180,4
5132,182,4
5133,184,4
5134,186,4
5135,188,4
5136,190,4
5137,192,4
5138,194,4
5139,196,4
5140,198,4
5141,200,4
5142,202,4
5143,204,4
5144,206,4
5145,208,4
5146,210,4
5147,212,4
5148,214,4
5149,216,4
5150,218,4
5151,220,4
5152,222,4
5153,224,4
5154,226,4
5155,228,4
5156,230,4
5157,232,4
5158,234,4
5159,236,4
5160,238,4
5161,240,4
5162,242,4
5163,244,4
5164,246,4
5165,248,4
5166,250,4
5167,252,4
5168,254,4
5169,256,4
5170,258,4
5171,260,4
5172,262,4
5173,264,4
5174,266,4
5175,268,4
5176,270,4
5177,272,4
5178,274,4
5179,276,4
5180,278,4
5181,280,4
5182,282,4
5196,310,4
5197,312,4
5198,314,4
5199,316,4
5200,318,4
5201,320,4
5202,322,4
5203,324,4
5204,326,4
5205,328,4
5206,330,4
5207,332,4
5208,334,4
5209,336,4
5210,338,4
5211,340,4
5212,342,4
5213,344,4
5214,346,4
5215,348,4
5216,350,4
5217,352,4
5218,354,4
5219,356,4
5220,358,4
5221,0,2
5222,2,2
5223,4,2
5224,6,2
5225,8,2
5226,10,2
5244,46,2
5245,48,2
5246,50,2
5247,52,2
5248,54,2
5249,56,2
5250,58,2
5251,60,2
5252,62,2
5253,64,2
5254,66,2
5255,68,2
5256,70,2
5257,72,2
5258,74,2
5259,76,2
5260,78,2
5261,80,2
5262,82,2
5263,84,2
5264,86,2
5265,88,2
5266,90,2
5267,92,2
5268,94,2
5269,96,2
5270,98,2
5272,102,2
5273,104,2
5274,106,2
5275,108,2
5277,112,2
5281,120,2
5282,122,2
5283,124,2
5284,126,2
5285,128,2
5286,130,2
5287,132,2
5288,134,2
5289,136,2
5290,138,2
5291,140,2
5292,142,2
5293,144,2
5294,146,2
5295,148,2
5296,150,2
5297,152,2
5298,154,2
5299,156,2
5300,158,2
5301,160,2
5302,162,2
5303,164,2
5304,166,2
5305,168,2
5306,170,2
5307,172,2
5308,174,2
5309,176,2
5310,178,2
5311,180,2
5312,182,2
5313,184,2
5314,186,2
5315,188,2
5316,190,2
5317,192,2
5318,194,2
5319,196,2
5320,198,2
5321,200,2
5322,202,2
5323,204,2
5324,206,2
5325,208,2
5326,210,2
5327,212,2
5328,214,2
5329,216,2
5330,218,2
5331,220,2
5332,222,2
5333,224,2
5334,226,2
5335,228,2
5336,230,2
5337,232,2
5338,234,2
5339,236,2
5340,238,2
5341,240,2
5342,242,2
5343,244,2
5344,246,2
5345,248,2
5346,250,2
5347,252,2
5348,254,2
5349,256,2
5350,258,2
5351,260,2
5352,262,2
5353,264,2
5354,266,2
5355,268,2
5356,270,2
5357,272,2
5358,274,2
5359,276,2
5360,278,2
5361,280,2
5377,312,2
5378,314,2
5379,316,2
5380,318,2
5381,320,2
5382,322,2
5383,324,2
5384,326,2
5385,328,2
5386,330,2
5387,332,2
5388,334,2
5389,336,2
5390,338,2
5391,340,2
5392,342,2
5393,344,2
5394,346,2
5395,348,2
5396,350,2
5397,352,2
5398,354,2
5399,356,2
5400,358,2
5401,0,0
5402,2,0
5403,4,0
5404,6,0
5405,8,0
5406,10,0
5423,44,0
5424,46,0
5425,48,0
5426,50,0
5427,52,0
5428,54,0
5429,56,0
5430,58,0
5431,60,0
5432,62,0
5433,64,0
5434,66,0
5435,68,0
5436,70,0
5437,72,0
5438,74,0
5439,76,0
5440,78,0
5441,80,0
5442,82,0
5443,84,0
5444,86,0
5445,88,0
5446,90,0
5447,92,0
5448,94,0
5449,96,0
5450,98,0
5451,100,0
5453,104,0
5454,106,0
5455,108,0
5456,110,0
5460,118,0
5461,120,0
5462,122,0
5463,124,0
5464,126,0
5465,128,0
5466,130,0
5467,132,0
5468,134,0
5469,136,0
5470,138,0
5471,140,0
5472,142,0
5473,144,0
5474,146,0
5475,148,0
5476,150,0
5477,152,0
5478,154,0
5479,156,0
5480,158,0
5481,160,0
5482,162,0
5483,164,0
5484,166,0
5485,168,0
5486,170,0
5487,172,0
5488,174,0
5489,176,0
5490,178,0
5491,180,0
5492,182,0
5493,184,0
5494,186,0
5495,188,0
5496,190,0
5497,192,0
5498,194,0
5499,196,0
5500,198,0
5501,200,0
5502,202,0
5503,204,0
5504,206,0
5505,208,0
5506,210,0
5507,212,0
5508,214,0
5509,216,0
5510,218,0
5511,220,0
5512,222,0
5513,224,0
5514,226,0
5515,228,0
5516,230,0
5517,232,0
5518,234,0
5519,236,0
5520,238,0
5521,240,0
5522,242,0
5523,244,0
5524,246,0
5525,248,0
5526,250,0
5527,252,0
5528,254,0
5529,256,0
5530,258,0
5531,260,0
5532,262,0
5533,264,0
5534,266,0
5535,268,0
5536,270,0
5537,272,0
5538,274,0
5539,276,0
5540,278,0
5541,280,0
5557,312,0
5558,314,0
5559,316,0
5560,318,0
5561,320,0
5562,322,0
5563,324,0
5564,326,0
5565,328,0
5566,330,0
5567,332,0
5568,334,0
5569,336,0
5570,338,0
5571,340,0
5572,342,0
5573,344,0
5574,346,0
5575,348,0
5576,350,0
5577,352,0
5578,354,0
5579,356,0
5580,358,0
5581,0,-2
5582,2,-2
5583,4,-2
5584,6,-2
5585,8,-2
5586,10,-2
5602,42,-2
5603,44,-2
5604,46,-2
5605,48,-2
5606,50,-2
5607,52,-2
5608,54,-2
5609,56,-2
5610,58,-2
5611,60,-2
5612,62,-2
5613,64,-2
5614,66,-2
5615,68,-2
5616,70,-2
5617,72,-2
5618,74,-2
5619,76,-2
5620,78,-2
5621,80,-2
5622,82,-2
5623,84,-2
5624,86,-2
5625,88,-2
5626,90,-2
5627,92,-2
5628,94,-2
5629,96,-2
5630,98,-2
5631,100,-2
5634,106,-2
5635,108,-2
5636,110,-2
5640,118,-2
5641,120,-2
5642,122,-2
5643,124,-2
5644,126,-2
5645,128,-2
5646,130,-2
5647,132,-2
5648,134,-2
5649,136,-2
5651,140,-2
5652,142,-2
5653,144,-2
5654,146,-2
5655,148,-2
5656,150,-2
5657,152,-2
5658,154,-2
5659,156,-2
5660,158,-2
5661,160,-2
5662,162,-2
5663,164,-2
5664,166,-2
5665,168,-2
5666,170,-2
5667,172,-2
5668,174,-2
5669,176,-2
5670,178,-2
5671,180,-2
5672,182,-2
5673,184,-2
5674,186,-2
5675,188,-2
5676,190,-2
5677,192,-2
5678,194,-2
5679,196,-2
5680,198,-2
5681,200,-2
5682,202,-2
5683,204,-2
5684,206,-2
5685,208,-2
5686,210,-2
5687,212,-2
5688,214,-2
5689,216,-2
5690,218,-2
5691,220,-2
5692,222,-2
5693,224,-2
5694,226,-2
5695,228,-2
5696,230,-2
5697,232,-2
5698,234,-2
5699,236,-2
5700,238,-2
5701,240,-2
5702,242,-2
5703,244,-2
5704,246,-2
5705,248,-2
5706,250,-2
5707,252,-2
5708,254,-2
5709,256,-2
5710,258,-2
5711,260,-2
5712,262,-2
5713,264,-2
5714,266,-2
5715,268,-2
5716,270,-2
5717,272,-2
5718,274,-2
5719,276,-2
5720,278,-2
5721,280,-2
5739,316,-2
5740,318,-2
5741,320,-2
5742,322,-2
5743,324,-2
5744,326,-2
5745,328,-2
5746,330,-2
5747,332,-2
5748,334,-2
5749,336,-2
5750,338,-2
5751,340,-2
5752,342,-2
5753,344,-2
5754,346,-2
5755,348,-2
5756,350,-2
5757,352,-2
5758,354,-2
5759,356,-2
5760,358,-2
5761,0,-4
5762,2,-4
5763,4,-4
5764,6,-4
5765,8,-4
5766,10,-4
5767,12,-4
5781,40,-4
5782,42,-4
5783,44,-4
5784,46,-4
5785,48,-4
5786,50,-4
5787,52,-4
5788,54,-4
5789,56,-4
5790,58,-4
5791,60,-4
5792,62,-4
5793,64,-4
5794,66,-4
5795,68,-4
5796,70,-4
5797,72,-4
5798,74,-4
5799,76,-4
5800,78,-4
5801,80,-4
5802,82,-4
5803,84,-4
5804,86,-4
5805,88,-4
5806,90,-4
5807,92,-4
5808,94,-4
5809,96,-4
5810,98,-4
5811,100,-4
5812,102,-4
5815,108,-4
5816,110,-4
5817,112,-4
5818,114,-4
5819,116,-4
5820,118,-4
5821,120,-4
5822,122,-4
5823,124,-4
5824,126,-4
5825,128,-4
5826,130,-4
5827,132,-4
5828,134,-4
5829,136,-4
5834,146,-4
5835,148,-4
5836,150,-4
5837,152,-4
5838,154,-4
5839,156,-4
5840,158,-4
5841,160,-4
5842,162,-4
5843,164,-4
5844,166,-4
5845,168,-4
5846,170,-4
5847,172,-4
5848,174,-4
5849,176,-4
5850,178,-4
5851,180,-4
5852,182,-4
5853,184,-4
5854,186,-4
5855,188,-4
5856,190,-4
5857,192,-4
5858,194,-4
5859,196,-4
5860,198,-4
5861,200,-4
5862,202,-4
5863,204,-4
5864,206,-4
5865,208,-4
5866,210,-4
5867,212,-4
5868,214,-4
5869,216,-4
5870,218,-4
5871,220,-4
5872,222,-4
5873,224,-4
5874,226,-4
5875,228,-4
5876,230,-4
5877,232,-4
5878,234,-4
5879,236,-4
5880,238,-4
5881,240,-4
5882,242,-4
5883,244,-4
5884,246,-4
5885,248,-4
5886,250,-4
5887,252,-4
5888,254,-4
5889,256,-4
5890,258,-4
5891,260,-4
5892,262,-4
5893,264,-4
5894,266,-4
5895,268,-4
5896,270,-4
5897,272,-4
5898,274,-4
5899,276,-4
5900,278,-4
5923,324,-4
5924,326,-4
5925,328,-4
5926,330,-4
5927,332,-4
5928,334,-4
5929,336,-4
5930,338,-4
5931,340,-4
5932,342,-4
5933,344,-4
5934,346,-4
5935,348,-4
5936,350,-4
5937,352,-4
5938,354,-4
5939,356,-4
5940,358,-4
5941,0,-6
5942,2,-6
5943,4,-6
5944,6,-6
5945,8,-6
5946,10,-6
5947,12,-6
5961,40,-6
5962,42,-6
5963,44,-6
5964,46,-6
5965,48,-6
5966,50,-6
5967,52,-6
5968,54,-6
5969,56,-6
5970,58,-6
5971,60,-6
5972,62,-6
5973,64,-6
5974,66,-6
5975,68,-6
5976,70,-6
5977,72,-6
5978,74,-6
5979,76,-6
5980,78,-6
5981,80,-6
5982,82,-6
5983,84,-6
5984,86,-6
5985,88,-6
5986,90,-6
5987,92,-6
5988,94,-6
5989,96,-6
5990,98,-6
5991,100,-6
5992,102,-6
5993,104,-6
5994,106,-6
5996,110,-6
5997,112,-6
5998,114,-6
5999,116,-6
6000,118,-6
6001,120,-6
6002,122,-6
6003,124,-6
6004,126,-6
6005,128,-6
6006,130,-6
6007,132,-6
6008,134,-6
6009,136,-6
6010,138,-6
6015,148,-6
6016,150,-6
6017,152,-6
6018,154,-6
6019,156,-6
6020,158,-6
6021,160,-6
6022,162,-6
6023,164,-6
6024,166,-6
6025,168,-6
6026,170,-6
6027,172,-6
6028,174,-6
6029,176,-6
6030,178,-6
6031,180,-6
6032,182,-6
6033,184,-6
6034,186,-6
6035,188,-6
6036,190,-6
6037,192,-6
6038,194,-6
6039,196,-6
6040,198,-6
6041,200,-6
6042,202,-6
6043,204,-6
6044,206,-6
6045,208,-6
6046,210,-6
6047,212,-6
6048,214,-6
6049,216,-6
6050,218,-6
6051,220,-6
6052,222,-6
6053,224,-6
6054,226,-6
6055,228,-6
6056,230,-6
6057,232,-6
6058,234,-6
6059,236,-6
6060,238,-6
6061,240,-6
6062,242,-6
6063,244,-6
6064,246,-6
6065,248,-6
6066,250,-6
6067,252,-6
6068,254,-6
6069,256,-6
6070,258,-6
6071,260,-6
6072,262,-6
6073,264,-6
6074,266,-6
6075,268,-6
6076,270,-6
6077,272,-6
6078,274,-6
6079,276,-6
6080,278,-6
6081,280,-6
6104,326,-6
6105,328,-6
6106,330,-6
6107,332,-6
6108,334,-6
6109,336,-6
6110,338,-6
6111,340,-6
6112,342,-6
6113,344,-6
6114,346,-6
6115,348,-6
6116,350,-6
6117,352,-6
6118,354,-6
6119,356,-6
6120,358,-6
6121,0,-8
6122,2,-8
6123,4,-8
6124,6,-8
6125,8,-8
6126,10,-8
6127,12,-8
6141,40,-8
6142,42,-8
6143,44,-8
6144,46,-8
6145,48,-8
6146,50,-8
6147,52,-8
6148,54,-8
6149,56,-8
6150,58,-8
6151,60,-8
6152,62,-8
6153,64,-8
6154,66,-8
6155,68,-8
6156,70,-8
6157,72,-8
6158,74,-8
6159,76,-8
6160,78,-8
6161,80,-8
6162,82,-8
6163,84,-8
6164,86,-8
6165,88,-8
6166,90,-8
6167,92,-8
6168,94,-8
6169,96,-8
6170,98,-8
6171,100,-8
6172,102,-8
6173,104,-8
6174,106,-8
6175,108,-8
6176,110,-8
6177,112,-8
6178,114,-8
6179,116,-8
6180,118,-8
6181,120,-8
6182,122,-8
6183,124,-8
6184,126,-8
6185,128,-8
6186,130,-8
6187,132,-8
6188,134,-8
6189,136,-8
6190,138,-8
6191,140,-8
6193,144,-8
6194,146,-8
6196,150,-8
6197,152,-8
6198,154,-8
6199,156,-8
6200,158,-8
6201,160,-8
6202,162,-8
6203,164,-8
6204,166,-8
6205,168,-8
6206,170,-8
6207,172,-8
6208,174,-8
6209,176,-8
6210,178,-8
6211,180,-8
6212,182,-8
6213,184,-8
6214,186,-8
6215,188,-8
6216,190,-8
6217,192,-8
6218,194,-8
6219,196,-8
6220,198,-8
6221,200,-8
6222,202,-8
6223,204,-8
6224,206,-8
6225,208,-8
6226,210,-8
6227,212,-8
6228,214,-8
6229,216,-8
6230,218,-8
6231,220,-8
6232,222,-8
6233,224,-8
6234,226,-8
6235,228,-8
6236,230,-8
6237,232,-8
6238,234,-8
6239,236,-8
6240,238,-8
6241,240,-8
6242,242,-8
6243,244,-8
6244,246,-8
6245,248,-8
6246,250,-8
6247,252,-8
6248,254,-8
6249,256,-8
6250,258,-8
6251,260,-8
6252,262,-8
6253,264,-8
6254,266,-8
6255,268,-8
6256,270,-8
6257,272,-8
6258,274,-8
6259,276,-8
6260,278,-8
6261,280,-8
6284,326,-8
6285,328,-8
6286,330,-8
6287,332,-8
6288,334,-8
6289,336,-8
6290,338,-8
6291,340,-8
6292,342,-8
6293,344,-8
6294,346,-8
6295,348,-8
6296,350,-8
6297,352,-8
6298,354,-8
6299,356,-8
6300,358,-8
6301,0,-10
6302,2,-10
6303,4,-10
6304,6,-10
6305,8,-10
6306,10,-10
6307,12,-10
6308,14,-10
6322,42,-10
6323,44,-10
6324,46,-10
6325,48,-10
6326,50,-10
6327,52,-10
6328,54,-10
6329,56,-10
6330,58,-10
6331,60,-10
6332,62,-10
6333,64,-10
6334,66,-10
6335,68,-10
6336,70,-10
6337,72,-10
6338,74,-10
6339,76,-10
6340,78,-10
6341,80,-10
6342,82,-10
6343,84,-10
6344,86,-10
6345,88,-10
6346,90,-10
6347,92,-10
6348,94,-10
6349,96,-10
6350,98,-10
6351,100,-10
6352,102,-10
6353,104,-10
6354,106,-10
6355,108,-10
6356,110,-10
6357,112,-10
6358,114,-10
6359,116,-10
6360,118,-10
6361,120,-10
6362,122,-10
6363,124,-10
6364,126,-10
6365,128,-10
6366,130,-10
6367,132,-10
6368,134,-10
6369,136,-10
6370,138,-10
6371,140,-10
6372,142,-10
6373,144,-10
6374,146,-10
6375,148,-10
6376,150,-10
6377,152,-10
6378,154,-10
6379,156,-10
6380,158,-10
6381,160,-10
6382,162,-10
6383,164,-10
6384,166,-10
6385,168,-10
6386,170,-10
6387,172,-10
6388,174,-10
6389,176,-10
6390,178,-10
6391,180,-10
6392,182,-10
6393,184,-10
6394,186,-10
6395,188,-10
6396,190,-10
6397,192,-10
6398,194,-10
6399,196,-10
6400,198,-10
6401,200,-10
6402,202,-10
6403,204,-10
6404,206,-10
6405,208,-10
6406,210,-10
6407,212,-10
6408,214,-10
6409,216,-10
6410,218,-10
6411,220,-10
6412,222,-10
6413,224,-10
6414,226,-10
6415,228,-10
6416,230,-10
6417,232,-10
6418,234,-10
6419,236,-10
6420,238,-10
6421,240,-10
6422,242,-10
6423,244,-10
6424,246,-10
6425,248,-10
6426,250,-10
6427,252,-10
6428,254,-10
6429,256,-10
6430,258,-10
6431,260,-10
6432,262,-10
6433,264,-10
6434,266,-10
6435,268,-10
6436,270,-10
6437,272,-10
6438,274,-10
6439,276,-10
6440,278,-10
6441,280,-10
6442,282,-10
6463,324,-10
6464,326,-10
6465,328,-10
6466,330,-10
6467,332,-10
6468,334,-10
6469,336,-10
6470,338,-10
6471,340,-10
6472,342,-10
6473,344,-10
6474,346,-10
6475,348,-10
6476,350,-10
6477,352,-10
6478,354,-10
6479,356,-10
6480,358,-10
6481,0,-12
6482,2,-12
6483,4,-12
6484,6,-12
6485,8,-12
6486,10,-12
6487,12,-12
6488,14,-12
6502,42,-12
6503,44,-12
6504,46,-12
6505,48,-12
6506,50,-12
6507,52,-12
6508,54,-12
6509,56,-12
6510,58,-12
6511,60,-12
6512,62,-12
6513,64,-12
6514,66,-12
6515,68,-12
6516,70,-12
6517,72,-12
6518,74,-12
6519,76,-12
6520,78,-12
6521,80,-12
6522,82,-12
6523,84,-12
6524,86,-12
6525,88,-12
6526,90,-12
6527,92,-12
6528,94,-12
6529,96,-12
6530,98,-12
6531,100,-12
6532,102,-12
6533,104,-12
6534,106,-12
6535,108,-12
6536,110,-12
6537,112,-12
6538,114,-12
6539,116,-12
6540,118,-12
6541,120,-12
6542,122,-12
6543,124,-12
6544,126,-12
6545,128,-12
6546,130,-12
6547,132,-12
6550,138,-12
6551,140,-12
6552,142,-12
6553,144,-12
6554,146,-12
6555,148,-12
6556,150,-12
6557,152,-12
6558,154,-12
6559,156,-12
6560,158,-12
6561,160,-12
6562,162,-12
6563,164,-12
6564,166,-12
6565,168,-12
6566,170,-12
6567,172,-12
6568,174,-12
6569,176,-12
6570,178,-12
6571,180,-12
6572,182,-12
6573,184,-12
6574,186,-12
6575,188,-12
6576,190,-12
6577,192,-12
6578,194,-12
6579,196,-12
6580,198,-12
6581,200,-12
6582,202,-12
6583,204,-12
6584,206,-12
6585,208,-12
6586,210,-12
6587,212,-12
6588,214,-12
6589,216,-12
6590,218,-12
6591,220,-12
6592,222,-12
6593,224,-12
6594,226,-12
6595,228,-12
6596,230,-12
6597,232,-12
6598,234,-12
6599,236,-12
6600,238,-12
6601,240,-12
6602,242,-12
6603,244,-12
6604,246,-12
6605,248,-12
6606,250,-12
6607,252,-12
6608,254,-12
6609,256,-12
6610,258,-12
6611,260,-12
6612,262,-12
6613,264,-12
6614,266,-12
6615,268,-12
6616,270,-12
6617,272,-12
6618,274,-12
6619,276,-12
6620,278,-12
6621,280,-12
6622,282,-12
6623,284,-12
6642,322,-12
6643,324,-12
6644,326,-12
6645,328,-12
6646,330,-12
6647,332,-12
6648,334,-12
6649,336,-12
6650,338,-12
6651,340,-12
6652,342,-12
6653,344,-12
6654,346,-12
6655,348,-12
6656,350,-12
6657,352,-12
6658,354,-12
6659,356,-12
6660,358,-12
6661,0,-14
6662,2,-14
6663,4,-14
6664,6,-14
6665,8,-14
6666,10,-14
6667,12,-14
6682,42,-14
6683,44,-14
6684,46,-14
6685,48,-14
6687,52,-14
6688,54,-14
6689,56,-14
6690,58,-14
6691,60,-14
6692,62,-14
6693,64,-14
6694,66,-14
6695,68,-14
6696,70,-14
6697,72,-14
6698,74,-14
6699,76,-14
6700,78,-14
6701,80,-14
6702,82,-14
6703,84,-14
6704,86,-14
6705,88,-14
6706,90,-14
6707,92,-14
6708,94,-14
6709,96,-14
6710,98,-14
6711,100,-14
6712,102,-14
6713,104,-14
6714,106,-14
6715,108,-14
6716,110,-14
6717,112,-14
6718,114,-14
6719,116,-14
6720,118,-14
6721,120,-14
6722,122,-14
6723,124,-14
6724,126,-14
6726,130,-14
6730,138,-14
6731,140,-14
6732,142,-14
6734,146,-14
6735,148,-14
6736,150,-14
6737,152,-14
6738,154,-14
6739,156,-14
6740,158,-14
6741,160,-14
6742,162,-14
6743,164,-14
6744,166,-14
6745,168,-14
6746,170,-14
6747,172,-14
6748,174,-14
6749,176,-14
6750,178,-14
6751,180,-14
6752,182,-14
6753,184,-14
6754,186,-14
6755,188,-14
6756,190,-14
6757,192,-14
6758,194,-14
6759,196,-14
6760,198,-14
6761,200,-14
6762,202,-14
6763,204,-14
6764,206,-14
6765,208,-14
6766,210,-14
6767,212,-14
6768,214,-14
6769,216,-14
6770,218,-14
6771,220,-14
6772,222,-14
6773,224,-14
6774,226,-14
6775,228,-14
6776,230,-14
6777,232,-14
6778,234,-14
6779,236,-14
6780,238,-14
6781,240,-14
6782,242,-14
6783,244,-14
6784,246,-14
6785,248,-14
6786,250,-14
6787,252,-14
6788,254,-14
6789,256,-14
6790,258,-14
6791,260,-14
6792,262,-14
6793,264,-14
6794,266,-14
6795,268,-14
6796,270,-14
6797,272,-14
6798,274,-14
6799,276,-14
6800,278,-14
6801,280,-14
6802,282,-14
6803,284,-14
6822,322,-14
6823,324,-14
6824,326,-14
6825,328,-14
6826,330,-14
6827,332,-14
6828,334,-14
6829,336,-14
6830,338,-14
6831,340,-14
6832,342,-14
6833,344,-14
6834,346,-14
6835,348,-14
6836,350,-14
6837,352,-14
6838,354,-14
6839,356,-14
6840,358,-14
6841,0,-16
6842,2,-16
6843,4,-16
6844,6,-16
6845,8,-16
6846,10,-16
6847,12,-16
6861,40,-16
6862,42,-16
6863,44,-16
6867,52,-16
6868,54,-16
6869,56,-16
6870,58,-16
6871,60,-16
6872,62,-16
6873,64,-16
6874,66,-16
6875,68,-16
6876,70,-16
6877,72,-16
6878,74,-16
6879,76,-16
6880,78,-16
6881,80,-16
6882,82,-16
6883,84,-16
6884,86,-16
6885,88,-16
6886,90,-16
6887,92,-16
6888,94,-16
6889,96,-16
6890,98,-16
6891,100,-16
6892,102,-16
6893,104,-16
6894,106,-16
6895,108,-16
6896,110,-16
6897,112,-16
6898,114,-16
6899,116,-16
6900,118,-16
6901,120,-16
6902,122,-16
6903,124,-16
6911,140,-16
6912,142,-16
6914,146,-16
6915,148,-16
6916,150,-16
6917,152,-16
6918,154,-16
6919,156,-16
6920,158,-16
6921,160,-16
6922,162,-16
6923,164,-16
6924,166,-16
6925,168,-16
6926,170,-16
6927,172,-16
6928,174,-16
6929,176,-16
6930,178,-16
6931,180,-16
6932,182,-16
6933,184,-16
6934,186,-16
6935,188,-16
6936,190,-16
6937,192,-16
6938,194,-16
6939,196,-16
6940,198,-16
6941,200,-16
6942,202,-16
6943,204,-16
6944,206,-16
6945,208,-16
6946,210,-16
6947,212,-16
6948,214,-16
6949,216,-16
6950,218,-16
6951,220,-16
6952,222,-16
6953,224,-16
6954,226,-16
6955,228,-16
6956,230,-16
6957,232,-16
6958,234,-16
6959,236,-16
6960,238,-16
6961,240,-16
6962,242,-16
6963,244,-16
6964,246,-16
6965,248,-16
6966,250,-16
6967,252,-16
6968,254,-16
6969,256,-16
6970,258,-16
6971,260,-16
6972,262,-16
6973,264,-16
6974,266,-16
6975,268,-16
6976,270,-16
6977,272,-16
6978,274,-16
6979,276,-16
6980,278,-16
6981,280,-16
6982,282,-16
6983,284,-16
6984,286,-16
6985,288,-16
7002,322,-16
7003,324,-16
7004,326,-16
7005,328,-16
7006,330,-16
7007,332,-16
7008,334,-16
7009,336,-16
7010,338,-16
7011,340,-16
7012,342,-16
7013,344,-16
7014,346,-16
7015,348,-16
7016,350,-16
7017,352,-16
7018,354,-16
7019,356,-16
7020,358,-16
7021,0,-18
7022,2,-18
7023,4,-18
7024,6,-18
7025,8,-18
7026,10,-18
7027,12,-18
7040,38,-18
7041,40,-18
7042,42,-18
7043,44,-18
7046,50,-18
7047,52,-18
7048,54,-18
7049,56,-18
7050,58,-18
7051,60,-18
7052,62,-18
7053,64,-18
7054,66,-18
7055,68,-18
7056,70,-18
7057,72,-18
7058,74,-18
7059,76,-18
7060,78,-18
7061,80,-18
7062,82,-18
7063,84,-18
7064,86,-18
7065,88,-18
7066,90,-18
7067,92,-18
7068,94,-18
7069,96,-18
7070,98,-18
7071,100,-18
7072,102,-18
7073,104,-18
7074,106,-18
7075,108,-18
7076,110,-18
7077,112,-18
7078,114,-18
7079,116,-18
7080,118,-18
7081,120,-18
7082,122,-18
7095,148,-18
7096,150,-18
7097,152,-18
7098,154,-18
7099,156,-18
7100,158,-18
7101,160,-18
7102,162,-18
7103,164,-18
7104,166,-18
7105,168,-18
7106,170,-18
7107,172,-18
7108,174,-18
7109,176,-18
7110,178,-18
7111,180,-18
7112,182,-18
7113,184,-18
7114,186,-18
7115,188,-18
7116,190,-18
7117,192,-18
7118,194,-18
7119,196,-18
7120,198,-18
7121,200,-18
7122,202,-18
7123,204,-18
7124,206,-18
7125,208,-18
7126,210,-18
7127,212,-18
7128,214,-18
7129,216,-18
7130,218,-18
7131,220,-18
7132,222,-18
7133,224,-18
7134,226,-18
7135,228,-18
7136,230,-18
7137,232,-18
7138,234,-18
7139,236,-18
7140,238,-18
7141,240,-18
7142,242,-18
7143,244,-18
7144,246,-18
7145,248,-18
7146,250,-18
7147,252,-18
7148,254,-18
7149,256,-18
7150,258,-18
7151,260,-18
7152,262,-18
7153,264,-18
7154,266,-18
7155,268,-18
7156,270,-18
7157,272,-18
7158,274,-18
7159,276,-18
7160,278,-18
7161,280,-18
7162,282,-18
7163,284,-18
7164,286,-18
7165,288,-18
7166,290,-18
7182,322,-18
7183,324,-18
7184,326,-18
7185,328,-18
7186,330,-18
7187,332,-18
7188,334,-18
7189,336,-18
7190,338,-18
7191,340,-18
7192,342,-18
7193,344,-18
7194,346,-18
7195,348,-18
7196,350,-18
7197,352,-18
7198,354,-18
7199,356,-18
7200,358,-18
7201,0,-20
7202,2,-20
7203,4,-20
7204,6,-20
7205,8,-20
7206,10,-20
7207,12,-20
7208,14,-20
7219,36,-20
7220,38,-20
7221,40,-20
7222,42,-20
7223,44,-20
7226,50,-20
7227,52,-20
7228,54,-20
7229,56,-20
7230,58,-20
7231,60,-20
7232,62,-20
7233,64,-20
7234,66,-20
7235,68,-20
7236,70,-20
7237,72,-20
7238,74,-20
7239,76,-20
7240,78,-20
7241,80,-20
7242,82,-20
7243,84,-20
7244,86,-20
7245,88,-20
7246,90,-20
7247,92,-20
7248,94,-20
7249,96,-20
7250,98,-20
7251,100,-20
7252,102,-20
7253,104,-20
7254,106,-20
7255,108,-20
7256,110,-20
7257,112,-20
7258,114,-20
7259,116,-20
7260,118,-20
7276,150,-20
7277,152,-20
7278,154,-20
7279,156,-20
7280,158,-20
7281,160,-20
7282,162,-20
7283,164,-20
7284,166,-20
7285,168,-20
7286,170,-20
7287,172,-20
7288,174,-20
7289,176,-20
7290,178,-20
7291,180,-20
7292,182,-20
7293,184,-20
7294,186,-20
7295,188,-20
7296,190,-20
7297,192,-20
7298,194,-20
7299,196,-20
7300,198,-20
7301,200,-20
7302,202,-20
7303,204,-20
7304,206,-20
7305,208,-20
7306,210,-20
7307,212,-20
7308,214,-20
7309,216,-20
7310,218,-20
7311,220,-20
7312,222,-20
7313,224,-20
7314,226,-20
7315,228,-20
7316,230,-20
7317,232,-20
7318,234,-20
7319,236,-20
7320,238,-20
7321,240,-20
7322,242,-20
7323,244,-20
7324,246,-20
7325,248,-20
7326,250,-20
7327,252,-20
7328,254,-20
7329,256,-20
7330,258,-20
7331,260,-20
7332,262,-20
7333,264,-20
7334,266,-20
7335,268,-20
7336,270,-20
7337,272,-20
7338,274,-20
7339,276,-20
7340,278,-20
7341,280,-20
7342,282,-20
7343,284,-20
7344,286,-20
7345,288,-20
7346,290,-20
7361,320,-20
7362,322,-20
7363,324,-20
7364,326,-20
7365,328,-20
7366,330,-20
7367,332,-20
7368,334,-20
7369,336,-20
7370,338,-20
7371,340,-20
7372,342,-20
7373,344,-20
7374,346,-20
7375,348,-20
7376,350,-20
7377,352,-20
7378,354,-20
7379,356,-20
7380,358,-20
7381,0,-22
7382,2,-22
7383,4,-22
7384,6,-22
7385,8,-22
7386,10,-22
7387,12,-22
7388,14,-22
7399,36,-22
7400,38,-22
7401,40,-22
7402,42,-22
7403,44,-22
7406,50,-22
7407,52,-22
7408,54,-22
7409,56,-22
7410,58,-22
7411,60,-22
7412,62,-22
7413,64,-22
7414,66,-22
7415,68,-22
7416,70,-22
7417,72,-22
7418,74,-22
7419,76,-22
7420,78,-22
7421,80,-22
7422,82,-22
7423,84,-22
7424,86,-22
7425,88,-22
7426,90,-22
7427,92,-22
7428,94,-22
7429,96,-22
7430,98,-22
7431,100,-22
7432,102,-22
7433,104,-22
7434,106,-22
7435,108,-22
7436,110,-22
7437,112,-22
7438,114,-22
7456,150,-22
7457,152,-22
7458,154,-22
7459,156,-22
7460,158,-22
7461,160,-22
7462,162,-22
7463,164,-22
7464,166,-22
7465,168,-22
7466,170,-22
7467,172,-22
7468,174,-22
7469,176,-22
7470,178,-22
7471,180,-22
7472,182,-22
7473,184,-22
7474,186,-22
7475,188,-22
7476,190,-22
7477,192,-22
7478,194,-22
7479,196,-22
7480,198,-22
7481,200,-22
7482,202,-22
7483,204,-22
7484,206,-22
7485,208,-22
7486,210,-22
7487,212,-22
7488,214,-22
7489,216,-22
7490,218,-22
7491,220,-22
7492,222,-22
7493,224,-22
7494,226,-22
7495,228,-22
7496,230,-22
7497,232,-22
7498,234,-22
7499,236,-22
7500,238,-22
7501,240,-22
7502,242,-22
7503,244,-22
7504,246,-22
7505,248,-22
7506,250,-22
7507,252,-22
7508,254,-22
7509,256,-22
7510,258,-22
7511,260,-22
7512,262,-22
7513,264,-22
7514,266,-22
7515,268,-22
7516,270,-22
7517,272,-22
7518,274,-22
7519,276,-22
7520,278,-22
7521,280,-22
7522,282,-22
7523,284,-22
7524,286,-22
7525,288,-22
7526,290,-22
7541,320,-22
7542,322,-22
7543,324,-22
7544,326,-22
7545,328,-22
7546,330,-22
7547,332,-22
7548,334,-22
7549,336,-22
7550,338,-22
7551,340,-22
7552,342,-22
7553,344,-22
7554,346,-22
7555,348,-22
7556,350,-22
7557,352,-22
7558,354,-22
7559,356,-22
7560,358,-22
7561,0,-24
7562,2,-24
7563,4,-24
7564,6,-24
7565,8,-24
7566,10,-24
7567,12,-24
7568,14,-24
7579,36,-24
7580,38,-24
7581,40,-24
7582,42,-24
7583,44,-24
7585,48,-24
7586,50,-24
7587,52,-24
7588,54,-24
7589,56,-24
7590,58,-24
7591,60,-24
7592,62,-24
7593,64,-24
7594,66,-24
7595,68,-24
7596,70,-24
7597,72,-24
7598,74,-24
7599,76,-24
7600,78,-24
7601,80,-24
7602,82,-24
7603,84,-24
7604,86,-24
7605,88,-24
7606,90,-24
7607,92,-24
7608,94,-24
7609,96,-24
7610,98,-24
7611,100,-24
7612,102,-24
7613,104,-24
7614,106,-24
7615,108,-24
7616,110,-24
7617,112,-24
7618,114,-24
7638,154,-24
7639,156,-24
7640,158,-24
7641,160,-24
7642,162,-24
7643,164,-24
7644,166,-24
7645,168,-24
7646,170,-24
7647,172,-24
7648,174,-24
7649,176,-24
7650,178,-24
7651,180,-24
7652,182,-24
7653,184,-24
7654,186,-24
7655,188,-24
7656,190,-24
7657,192,-24
7658,194,-24
7659,196,-24
7660,198,-24
7661,200,-24
7662,202,-24
7663,204,-24
7664,206,-24
7665,208,-24
7666,210,-24
7667,212,-24
7668,214,-24
7669,216,-24
7670,218,-24
7671,220,-24
7672,222,-24
7673,224,-24
7674,226,-24
7675,228,-24
7676,230,-24
7677,232,-24
7678,234,-24
7679,236,-24
7680,238,-24
7681,240,-24
7682,242,-24
7683,244,-24
7684,246,-24
7685,248,-24
7686,250,-24
7687,252,-24
7688,254,-24
7689,256,-24
7690,258,-24
7691,260,-24
7692,262,-24
7693,264,-24
7694,266,-24
7695,268,-24
7696,270,-24
7697,272,-24
7698,274,-24
7699,276,-24
7700,278,-24
7701,280,-24
7702,282,-24
7703,284,-24
7704,286,-24
7705,288,-24
7706,290,-24
7718,314,-24
7719,316,-24
7720,318,-24
7721,320,-24
7722,322,-24
7723,324,-24
7724,326,-24
7725,328,-24
7726,330,-24
7727,332,-24
7728,334,-24
7729,336,-24
7730,338,-24
7731,340,-24
7732,342,-24
7733,344,-24
7734,346,-24
7735,348,-24
7736,350,-24
7737,352,-24
7738,354,-24
7739,356,-24
7740,358,-24
7741,0,-26
7742,2,-26
7743,4,-26
7744,6,-26
7745,8,-26
7746,10,-26
7747,12,-26
7748,14,-26
7758,34,-26
7759,36,-26
7760,38,-26
7761,40,-26
7762,42,-26
7763,44,-26
7764,46,-26
7765,48,-26
7766,50,-26
7767,52,-26
7768,54,-26
7769,56,-26
7770,58,-26
7771,60,-26
7772,62,-26
7773,64,-26
7774,66,-26
7775,68,-26
7776,70,-26
7777,72,-26
7778,74,-26
7779,76,-26
7780,78,-26
7781,80,-26
7782,82,-26
7783,84,-26
7784,86,-26
7785,88,-26
7786,90,-26
7787,92,-26
7788,94,-26
7789,96,-26
7790,98,-26
7791,100,-26
7792,102,-26
7793,104,-26
7794,106,-26
7795,108,-26
7796,110,-26
7797,112,-26
7798,114,-26
7818,154,-26
7819,156,-26
7820,158,-26
7821,160,-26
7822,162,-26
7823,164,-26
7824,166,-26
7825,168,-26
7826,170,-26
7827,172,-26
7828,174,-26
7829,176,-26
7830,178,-26
7831,180,-26
7832,182,-26
7833,184,-26
7834,186,-26
7835,188,-26
7836,190,-26
7837,192,-26
7838,194,-26
7839,196,-26
7840,198,-26
7841,200,-26
7842,202,-26
7843,204,-26
7844,206,-26
7845,208,-26
7846,210,-26
7847,212,-26
7848,214,-26
7849,216,-26
7850,218,-26
7851,220,-26
7852,222,-26
7853,224,-26
7854,226,-26
7855,228,-26
7856,230,-26
7857,232,-26
7858,234,-26
7859,236,-26
7860,238,-26
7861,240,-26
7862,242,-26
7863,244,-26
7864,246,-26
7865,248,-26
7866,250,-26
7867,252,-26
7868,254,-26
7869,256,-26
7870,258,-26
7871,260,-26
7872,262,-26
7873,264,-26
7874,266,-26
7875,268,-26
7876,270,-26
7877,272,-26
7878,274,-26
7879,276,-26
7880,278,-26
7881,280,-26
7882,282,-26
7883,284,-26
7884,286,-26
7885,288,-26
7886,290,-26
7897,312,-26
7898,314,-26
7899,316,-26
7900,318,-26
7901,320,-26
7902,322,-26
7903,324,-26
7904,326,-26
7905,328,-26
7906,330,-26
7907,332,-26
7908,334,-26
7909,336,-26
7910,338,-26
7911,340,-26
7912,342,-26
7913,344,-26
7914,346,-26
7915,348,-26
7916,350,-26
7917,352,-26
7918,354,-26
7919,356,-26
7920,358,-26
7921,0,-28
7922,2,-28
7923,4,-28
7924,6,-28
7925,8,-28
7926,10,-28
7927,12,-28
7928,14,-28
7929,16,-28
7938,34,-28
7939,36,-28
7940,38,-28
7941,40,-28
7942,42,-28
7943,44,-28
7944,46,-28
7945,48,-28
7946,50,-28
7947,52,-28
7948,54,-28
7949,56,-28
7950,58,-28
7951,60,-28
7952,62,-28
7953,64,-28
7954,66,-28
7955,68,-28
7956,70,-28
7957,72,-28
7958,74,-28
7959,76,-28
7960,78,-28
7961,80,-28
7962,82,-28
7963,84,-28
7964,86,-28
7965,88,-28
7966,90,-28
7967,92,-28
7968,94,-28
7969,96,-28
7970,98,-28
7971,100,-28
7972,102,-28
7973,104,-28
7974,106,-28
7975,108,-28
7976,110,-28
7977,112,-28
7978,114,-28
7998,154,-28
7999,156,-28
8000,158,-28
8001,160,-28
8002,162,-28
8003,164,-28
8004,166,-28
8005,168,-28
8006,170,-28
8007,172,-28
8008,174,-28
8009,176,-28
8010,178,-28
8011,180,-28
8012,182,-28
8013,184,-28
8014,186,-28
8015,188,-28
8016,190,-28
8017,192,-28
8018,194,-28
8019,196,-28
8020,198,-28
8021,200,-28
8022,202,-28
8023,204,-28
8024,206,-28
8025,208,-28
8026,210,-28
8027,212,-28
8028,214,-28
8029,216,-28
8030,218,-28
8031,220,-28
8032,222,-28
8033,224,-28
8034,226,-28
8035,228,-28
8036,230,-28
8037,232,-28
8038,234,-28
8039,236,-28
8040,238,-28
8041,240,-28
8042,242,-28
8043,244,-28
8044,246,-28
8045,248,-28
8046,250,-28
8047,252,-28
8048,254,-28
8049,256,-28
8050,258,-28
8051,260,-28
8052,262,-28
8053,264,-28
8054,266,-28
8055,268,-28
8056,270,-28
8057,272,-28
8058,274,-28
8059,276,-28
8060,278,-28
8061,280,-28
8062,282,-28
8063,284,-28
8064,286,-28
8065,288,-28
8077,312,-28
8078,314,-28
8079,316,-28
8080,318,-28
8081,320,-28
8082,322,-28
8083,324,-28
8084,326,-28
8085,328,-28
8086,330,-28
8087,332,-28
8088,334,-28
8089,336,-28
8090,338,-28
8091,340,-28
8092,342,-28
8093,344,-28
8094,346,-28
8095,348,-28
8096,350,-28
8097,352,-28
8098,354,-28
8099,356,-28
8100,358,-28
8101,0,-30
8102,2,-30
8103,4,-30
8104,6,-30
8105,8,-30
8106,10,-30
8107,12,-30
8108,14,-30
8109,16,-30
8110,18,-30
8117,32,-30
8118,34,-30
8119,36,-30
8120,38,-30
8121,40,-30
8122,42,-30
8123,44,-30
8124,46,-30
8125,48,-30
8126,50,-30
8127,52,-30
8128,54,-30
8129,56,-30
8130,58,-30
8131,60,-30
8132,62,-30
8133,64,-30
8134,66,-30
8135,68,-30
8136,70,-30
8137,72,-30
8138,74,-30
8139,76,-30
8140,78,-30
8141,80,-30
8142,82,-30
8143,84,-30
8144,86,-30
8145,88,-30
8146,90,-30
8147,92,-30
8148,94,-30
8149,96,-30
8150,98,-30
8151,100,-30
8152,102,-30
8153,104,-30
8154,106,-30
8155,108,-30
8156,110,-30
8157,112,-30
8158,114,-30
8178,154,-30
8179,156,-30
8180,158,-30
8181,160,-30
8182,162,-30
8183,164,-30
8184,166,-30
8185,168,-30
8186,170,-30
8187,172,-30
8188,174,-30
8189,176,-30
8190,178,-30
8191,180,-30
8192,182,-30
8193,184,-30
8194,186,-30
8195,188,-30
8196,190,-30
8197,192,-30
8198,194,-30
8199,196,-30
8200,198,-30
8201,200,-30
8202,202,-30
8203,204,-30
8204,206,-30
8205,208,-30
8206,210,-30
8207,212,-30
8208,214,-30
8209,216,-30
8210,218,-30
8211,220,-30
8212,222,-30
8213,224,-30
8214,226,-30
8215,228,-30
8216,230,-30
8217,232,-30
8218,234,-30
8219,236,-30
8220,238,-30
8221,240,-30
8222,242,-30
8223,244,-30
8224,246,-30
8225,248,-30
8226,250,-30
8227,252,-30
8228,254,-30
8229,256,-30
8230,258,-30
8231,260,-30
8232,262,-30
8233,264,-30
8234,266,-30
8235,268,-30
8236,270,-30
8237,272,-30
8238,274,-30
8239,276,-30
8240,278,-30
8241,280,-30
8242,282,-30
8243,284,-30
8244,286,-30
8245,288,-30
8256,310,-30
8257,312,-30
8258,314,-30
8259,316,-30
8260,318,-30
8261,320,-30
8262,322,-30
8263,324,-30
8264,326,-30
8265,328,-30
8266,330,-30
8267,332,-30
8268,334,-30
8269,336,-30
8270,338,-30
8271,340,-30
8272,342,-30
8273,344,-30
8274,346,-30
8275,348,-30
8276,350,-30
8277,352,-30
8278,354,-30
8279,356,-30
8280,358,-30
8281,0,-32
8282,2,-32
8283,4,-32
8284,6,-32
8285,8,-32
8286,10,-32
8287,12,-32
8288,14,-32
8289,16,-32
8290,18,-32
8296,30,-32
8297,32,-32
8298,34,-32
8299,36,-32
8300,38,-32
8301,40,-32
8302,42,-32
8303,44,-32
8304,46,-32
8305,48,-32
8306,50,-32
8307,52,-32
8308,54,-32
8309,56,-32
8310,58,-32
8311,60,-32
8312,62,-32
8313,64,-32
8314,66,-32
8315,68,-32
8316,70,-32
8317,72,-32
8318,74,-32
8319,76,-32
8320,78,-32
8321,80,-32
8322,82,-32
8323,84,-32
8324,86,-32
8325,88,-32
8326,90,-32
8327,92,-32
8328,94,-32
8329,96,-32
8330,98,-32
8331,100,-32
8332,102,-32
8333,104,-32
8334,106,-32
8335,108,-32
8336,110,-32
8337,112,-32
8338,114,-32
8339,116,-32
8344,126,-32
8345,128,-32
8346,130,-32
8347,132,-32
8348,134,-32
8358,154,-32
8359,156,-32
8360,158,-32
8361,160,-32
8362,162,-32
8363,164,-32
8364,166,-32
8365,168,-32
8366,170,-32
8367,172,-32
8368,174,-32
8369,176,-32
8370,178,-32
8371,180,-32
8372,182,-32
8373,184,-32
8374,186,-32
8375,188,-32
8376,190,-32
8377,192,-32
8378,194,-32
8379,196,-32
8380,198,-32
8381,200,-32
8382,202,-32
8383,204,-32
8384,206,-32
8385,208,-32
8386,210,-32
8387,212,-32
8388,214,-32
8389,216,-32
8390,218,-32
8391,220,-32
8392,222,-32
8393,224,-32
8394,226,-32
8395,228,-32
8396,230,-32
8397,232,-32
8398,234,-32
8399,236,-32
8400,238,-32
8401,240,-32
8402,242,-32
8403,244,-32
8404,246,-32
8405,248,-32
8406,250,-32
8407,252,-32
8408,254,-32
8409,256,-32
8410,258,-32
8411,260,-32
8412,262,-32
8413,264,-32
8414,266,-32
8415,268,-32
8416,270,-32
8417,272,-32
8418,274,-32
8419,276,-32
8420,278,-32
8421,280,-32
8422,282,-32
8423,284,-32
8424,286,-32
8425,288,-32
8435,308,-32
8436,310,-32
8437,312,-32
8438,314,-32
8439,316,-32
8440,318,-32
8441,320,-32
8442,322,-32
8443,324,-32
8444,326,-32
8445,328,-32
8446,330,-32
8447,332,-32
8448,334,-32
8449,336,-32
8450,338,-32
8451,340,-32
8452,342,-32
8453,344,-32
8454,346,-32
8455,348,-32
8456,350,-32
8457,352,-32
8458,354,-32
8459,356,-32
8460,358,-32
8461,0,-34
8462,2,-34
8463,4,-34
8464,6,-34
8465,8,-34
8466,10,-34
8467,12,-34
8468,14,-34
8469,16,-34
8470,18,-34
8471,20,-34
8472,22,-34
8473,24,-34
8474,26,-34
8475,28,-34
8476,30,-34
8477,32,-34
8478,34,-34
8479,36,-34
8480,38,-34
8481,40,-34
8482,42,-34
8483,44,-34
8484,46,-34
8485,48,-34
8486,50,-34
8487,52,-34
8488,54,-34
8489,56,-34
8490,58,-34
8491,60,-34
8492,62,-34
8493,64,-34
8494,66,-34
8495,68,-34
8496,70,-34
8497,72,-34
8498,74,-34
8499,76,-34
8500,78,-34
8501,80,-34
8502,82,-34
8503,84,-34
8504,86,-34
8505,88,-34
8506,90,-34
8507,92,-34
8508,94,-34
8509,96,-34
8510,98,-34
8511,100,-34
8512,102,-34
8513,104,-34
8514,106,-34
8515,108,-34
8516,110,-34
8517,112,-34
8518,114,-34
8519,116,-34
8521,120,-34
8522,122,-34
8523,124,-34
8524,126,-34
8525,128,-34
8526,130,-34
8527,132,-34
8528,134,-34
8529,136,-34
8530,138,-34
8537,152,-34
8538,154,-34
8539,156,-34
8540,158,-34
8541,160,-34
8542,162,-34
8543,164,-34
8544,166,-34
8545,168,-34
8546,170,-34
8547,172,-34
8548,174,-34
8549,176,-34
8550,178,-34
8551,180,-34
8552,182,-34
8553,184,-34
8554,186,-34
8555,188,-34
8556,190,-34
8557,192,-34
8558,194,-34
8559,196,-34
8560,198,-34
8561,200,-34
8562,202,-34
8563,204,-34
8564,206,-34
8565,208,-34
8566,210,-34
8567,212,-34
8568,214,-34
8569,216,-34
8570,218,-34
8571,220,-34
8572,222,-34
8573,224,-34
8574,226,-34
8575,228,-34
8576,230,-34
8577,232,-34
8578,234,-34
8579,236,-34
8580,238,-34
8581,240,-34
8582,242,-34
8583,244,-34
8584,246,-34
8585,248,-34
8586,250,-34
8587,252,-34
8588,254,-34
8589,256,-34
8590,258,-34
8591,260,-34
8592,262,-34
8593,264,-34
8594,266,-34
8595,268,-34
8596,270,-34
8597,272,-34
8598,274,-34
8599,276,-34
8600,278,-34
8601,280,-34
8602,282,-34
8603,284,-34
8604,286,-34
8605,288,-34
8614,306,-34
8615,308,-34
8616,310,-34
8617,312,-34
8618,314,-34
8619,316,-34
8620,318,-34
8621,320,-34
8622,322,-34
8623,324,-34
8624,326,-34
8625,328,-34
8626,330,-34
8627,332,-34
8628,334,-34
8629,336,-34
8630,338,-34
8631,340,-34
8632,342,-34
8633,344,-34
8634,346,-34
8635,348,-34
8636,350,-34
8637,352,-34
8638,354,-34
8639,356,-34
8640,358,-34
8641,0,-36
8642,2,-36
8643,4,-36
8644,6,-36
8645,8,-36
8646,10,-36
8647,12,-36
8648,14,-36
8649,16,-36
8650,18,-36
8651,20,-36
8652,22,-36
8653,24,-36
8654,26,-36
8655,28,-36
8656,30,-36
8657,32,-36
8658,34,-36
8659,36,-36
8660,38,-36
8661,40,-36
8662,42,-36
8663,44,-36
8664,46,-36
8665,48,-36
8666,50,-36
8667,52,-36
8668,54,-36
8669,56,-36
8670,58,-36
8671,60,-36
8672,62,-36
8673,64,-36
8674,66,-36
8675,68,-36
8676,70,-36
8677,72,-36
8678,74,-36
8679,76,-36
8680,78,-36
8681,80,-36
8682,82,-36
8683,84,-36
8684,86,-36
8685,88,-36
8686,90,-36
8687,92,-36
8688,94,-36
8689,96,-36
8690,98,-36
8691,100,-36
8692,102,-36
8693,104,-36
8694,106,-36
8695,108,-36
8696,110,-36
8697,112,-36
8698,114,-36
8699,116,-36
8700,118,-36
8701,120,-36
8702,122,-36
8703,124,-36
8704,126,-36
8705,128,-36
8706,130,-36
8707,132,-36
8708,134,-36
8709,136,-36
8710,138,-36
8711,140,-36
8717,152,-36
8718,154,-36
8719,156,-36
8720,158,-36
8721,160,-36
8722,162,-36
8723,164,-36
8724,166,-36
8725,168,-36
8726,170,-36
8727,172,-36
8728,174,-36
8729,176,-36
8730,178,-36
8731,180,-36
8732,182,-36
8733,184,-36
8734,186,-36
8735,188,-36
8736,190,-36
8737,192,-36
8738,194,-36
8739,196,-36
8740,198,-36
8741,200,-36
8742,202,-36
8743,204,-36
8744,206,-36
8745,208,-36
8746,210,-36
8747,212,-36
8748,214,-36
8749,216,-36
8750,218,-36
8751,220,-36
8752,222,-36
8753,224,-36
8754,226,-36
8755,228,-36
8756,230,-36
8757,232,-36
8758,234,-36
8759,236,-36
8760,238,-36
8761,240,-36
8762,242,-36
8763,244,-36
8764,246,-36
8765,248,-36
8766,250,-36
8767,252,-36
8768,254,-36
8769,256,-36
8770,258,-36
8771,260,-36
8772,262,-36
8773,264,-36
8774,266,-36
8775,268,-36
8776,270,-36
8777,272,-36
8778,274,-36
8779,276,-36
8780,278,-36
8781,280,-36
8782,282,-36
8783,284,-36
8784,286,-36
8793,304,-36
8794,306,-36
8795,308,-36
8796,310,-36
8797,312,-36
8798,314,-36
8799,316,-36
8800,318,-36
8801,320,-36
8802,322,-36
8803,324,-36
8804,326,-36
8805,328,-36
8806,330,-36
8807,332,-36
8808,334,-36
8809,336,-36
8810,338,-36
8811,340,-36
8812,342,-36
8813,344,-36
8814,346,-36
8815,348,-36
8816,350,-36
8817,352,-36
8818,354,-36
8819,356,-36
8820,358,-36
8821,0,-38
8822,2,-38
8823,4,-38
8824,6,-38
8825,8,-38
8826,10,-38
8827,12,-38
8828,14,-38
8829,16,-38
8830,18,-38
8831,20,-38
8832,22,-38
8833,24,-38
8834,26,-38
8835,28,-38
8836,30,-38
8837,32,-38
8838,34,-38
8839,36,-38
8840,38,-38
8841,40,-38
8842,42,-38
8843,44,-38
8844,46,-38
8845,48,-38
8846,50,-38
8847,52,-38
8848,54,-38
8849,56,-38
8850,58,-38
8851,60,-38
8852,62,-38
8853,64,-38
8854,66,-38
8855,68,-38
8856,70,-38
8857,72,-38
8858,74,-38
8859,76,-38
8860,78,-38
8861,80,-38
8862,82,-38
8863,84,-38
8864,86,-38
8865,88,-38
8866,90,-38
8867,92,-38
8868,94,-38
8869,96,-38
8870,98,-38
8871,100,-38
8872,102,-38
8873,104,-38
8874,106,-38
8875,108,-38
8876,110,-38
8877,112,-38
8878,114,-38
8879,116,-38
8880,118,-38
8881,120,-38
8882,122,-38
8883,124,-38
8884,126,-38
8885,128,-38
8886,130,-38
8887,132,-38
8888,134,-38
8889,136,-38
8890,138,-38
8891,140,-38
8892,142,-38
8894,146,-38
8895,148,-38
8896,150,-38
8897,152,-38
8898,154,-38
8899,156,-38
8900,158,-38
8901,160,-38
8902,162,-38
8903,164,-38
8904,166,-38
8905,168,-38
8906,170,-38
8907,172,-38
8908,174,-38
8911,180,-38
8912,182,-38
8913,184,-38
8914,186,-38
8915,188,-38
8916,190,-38
8917,192,-38
8918,194,-38
8919,196,-38
8920,198,-38
8921,200,-38
8922,202,-38
8923,204,-38
8924,206,-38
8925,208,-38
8926,210,-38
8927,212,-38
8928,214,-38
8929,216,-38
8930,218,-38
8931,220,-38
8932,222,-38
8933,224,-38
8934,226,-38
8935,228,-38
8936,230,-38
8937,232,-38
8938,234,-38
8939,236,-38
8940,238,-38
8941,240,-38
8942,242,-38
8943,244,-38
8944,246,-38
8945,248,-38
8946,250,-38
8947,252,-38
8948,254,-38
8949,256,-38
8950,258,-38
8951,260,-38
8952,262,-38
8953,264,-38
8954,266,-38
8955,268,-38
8956,270,-38
8957,272,-38
8958,274,-38
8959,276,-38
8960,278,-38
8961,280,-38
8962,282,-38
8963,284,-38
8964,286,-38
8972,302,-38
8973,304,-38
8974,306,-38
8975,308,-38
8976,310,-38
8977,312,-38
8978,314,-38
8979,316,-38
8980,318,-38
8981,320,-38
8982,322,-38
8983,324,-38
8984,326,-38
8985,328,-38
8986,330,-38
8987,332,-38
8988,334,-38
8989,336,-38
8990,338,-38
8991,340,-38
8992,342,-38
8993,344,-38
8994,346,-38
8995,348,-38
8996,350,-38
8997,352,-38
8998,354,-38
8999,356,-38
9000,358,-38
9001,0,-40
9002,2,-40
9003,4,-40
9004,6,-40
9005,8,-40
9006,10,-40
9007,12,-40
9008,14,-40
9009,16,-40
9010,18,-40
9011,20,-40
9012,22,-40
9013,24,-40
9014,26,-40
9015,28,-40
9016,30,-40
9017,32,-40
9018,34,-40
9019,36,-40
9020,38,-40
9021,40,-40
9022,42,-40
9023,44,-40
9024,46,-40
9025,48,-40
9026,50,-40
9027,52,-40
9028,54,-40
9029,56,-40
9030,58,-40
9031,60,-40
9032,62,-40
9033,64,-40
9034,66,-40
9035,68,-40
9036,70,-40
9037,72,-40
9038,74,-40
9039,76,-40
9040,78,-40
9041,80,-40
9042,82,-40
9043,84,-40
9044,86,-40
9045,88,-40
9046,90,-40
9047,92,-40
9048,94,-40
9049,96,-40
9050,98,-40
9051,100,-40
9052,102,-40
9053,104,-40
9054,106,-40
9055,108,-40
9056,110,-40
9057,112,-40
9058,114,-40
9059,116,-40
9060,118,-40
9061,120,-40
9062,122,-40
9063,124,-40
9064,126,-40
9065,128,-40
9066,130,-40
9067,132,-40
9068,134,-40
9069,136,-40
9070,138,-40
9071,140,-40
9072,142,-40
9073,144,-40
9074,146,-40
9075,148,-40
9076,150,-40
9077,152,-40
9078,154,-40
9079,156,-40
9080,158,-40
9081,160,-40
9082,162,-40
9083,164,-40
9084,166,-40
9085,168,-40
9086,170,-40
9087,172,-40
9088,174,-40
9089,176,-40
9090,178,-40
9091,180,-40
9092,182,-40
9093,184,-40
9094,186,-40
9095,188,-40
9096,190,-40
9097,192,-40
9098,194,-40
9099,196,-40
9100,198,-40
9101,200,-40
9102,202,-40
9103,204,-40
9104,206,-40
9105,208,-40
9106,210,-40
9107,212,-40
9108,214,-40
9109,216,-40
9110,218,-40
9111,220,-40
9112,222,-40
9113,224,-40
9114,226,-40
9115,228,-40
9116,230,-40
9117,232,-40
9118,234,-40
9119,236,-40
9120,238,-40
9121,240,-40
9122,242,-40
9123,244,-40
9124,246,-40
9125,248,-40
9126,250,-40
9127,252,-40
9128,254,-40
9129,256,-40
9130,258,-40
9131,260,-40
9132,262,-40
9133,264,-40
9134,266,-40
9135,268,-40
9136,270,-40
9137,272,-40
9138,274,-40
9139,276,-40
9140,278,-40
9141,280,-40
9142,282,-40
9143,284,-40
9144,286,-40
9150,298,-40
9151,300,-40
9152,302,-40
9153,304,-40
9154,306,-40
9155,308,-40
9156,310,-40
9157,312,-40
9158,314,-40
9159,316,-40
9160,318,-40
9161,320,-40
9162,322,-40
9163,324,-40
9164,326,-40
9165,328,-40
9166,330,-40
9167,332,-40
9168,334,-40
9169,336,-40
9170,338,-40
9171,340,-40
9172,342,-40
9173,344,-40
9174,346,-40
9175,348,-40
9176,350,-40
9177,352,-40
9178,354,-40
9179,356,-40
9180,358,-40
9181,0,-42
9182,2,-42
9183,4,-42
9184,6,-42
9185,8,-42
9186,10,-42
9187,12,-42
9188,14,-42
9189,16,-42
9190,18,-42
9191,20,-42
9192,22,-42
9193,24,-42
9194,26,-42
9195,28,-42
9196,30,-42
9197,32,-42
9198,34,-42
9199,36,-42
9200,38,-42
9201,40,-42
9202,42,-42
9203,44,-42
9204,46,-42
9205,48,-42
9206,50,-42
9207,52,-42
9208,54,-42
9209,56,-42
9210,58,-42
9211,60,-42
9212,62,-42
9213,64,-42
9214,66,-42
9215,68,-42
9216,70,-42
9217,72,-42
9218,74,-42
9219,76,-42
9220,78,-42
9221,80,-42
9222,82,-42
9223,84,-42
9224,86,-42
9225,88,-42
9226,90,-42
9227,92,-42
9228,94,-42
9229,96,-42
9230,98,-42
9231,100,-42
9232,102,-42
9233,104,-42
9234,106,-42
9235,108,-42
9236,110,-42
9237,112,-42
9238,114,-42
9239,116,-42
9240,118,-42
9241,120,-42
9242,122,-42
9243,124,-42
9244,126,-42
9245,128,-42
9246,130,-42
9247,132,-42
9248,134,-42
9249,136,-42
9250,138,-42
9251,140,-42
9252,142,-42
9253,144,-42
9254,146,-42
9256,150,-42
9257,152,-42
9258,154,-42
9259,156,-42
9260,158,-42
9261,160,-42
9262,162,-42
9263,164,-42
9264,166,-42
9265,168,-42
9266,170,-42
9267,172,-42
9268,174,-42
9269,176,-42
9270,178,-42
9271,180,-42
9272,182,-42
9273,184,-42
9274,186,-42
9275,188,-42
9276,190,-42
9277,192,-42
9278,194,-42
9279,196,-42
9280,198,-42
9281,200,-42
9282,202,-42
9283,204,-42
9284,206,-42
9285,208,-42
9286,210,-42
9287,212,-42
9288,214,-42
9289,216,-42
9290,218,-42
9291,220,-42
9292,222,-42
9293,224,-42
9294,226,-42
9295,228,-42
9296,230,-42
9297,232,-42
9298,234,-42
9299,236,-42
9300,238,-42
9301,240,-42
9302,242,-42
9303,244,-42
9304,246,-42
9305,248,-42
9306,250,-42
9307,252,-42
9308,254,-42
9309,256,-42
9310,258,-42
9311,260,-42
9312,262,-42
9313,264,-42
9314,266,-42
9315,268,-42
9316,270,-42
9317,272,-42
9318,274,-42
9319,276,-42
9320,278,-42
9321,280,-42
9322,282,-42
9323,284,-42
9324,286,-42
9325,288,-42
9329,296,-42
9330,298,-42
9331,300,-42
9332,302,-42
9333,304,-42
9334,306,-42
9335,308,-42
9336,310,-42
9337,312,-42
9338,314,-42
9339,316,-42
9340,318,-42
9341,320,-42
9342,322,-42
9343,324,-42
9344,326,-42
9345,328,-42
9346,330,-42
9347,332,-42
9348,334,-42
9349,336,-42
9350,338,-42
9351,340,-42
9352,342,-42
9353,344,-42
9354,346,-42
9355,348,-42
9356,350,-42
9357,352,-42
9358,354,-42
9359,356,-42
9360,358,-42
9361,0,-44
9362,2,-44
9363,4,-44
9364,6,-44
9365,8,-44
9366,10,-44
9367,12,-44
9368,14,-44
9369,16,-44
9370,18,-44
9371,20,-44
9372,22,-44
9373,24,-44
9374,26,-44
9375,28,-44
9376,30,-44
9377,32,-44
9378,34,-44
9379,36,-44
9380,38,-44
9381,40,-44
9382,42,-44
9383,44,-44
9384,46,-44
9385,48,-44
9386,50,-44
9387,52,-44
9388,54,-44
9389,56,-44
9390,58,-44
9391,60,-44
9392,62,-44
9393,64,-44
9394,66,-44
9395,68,-44
9396,70,-44
9397,72,-44
9398,74,-44
9399,76,-44
9400,78,-44
9401,80,-44
9402,82,-44
9403,84,-44
9404,86,-44
9405,88,-44
9406,90,-44
9407,92,-44
9408,94,-44
9409,96,-44
9410,98,-44
9411,100,-44
9412,102,-44
9413,104,-44
9414,106,-44
9415,108,-44
9416,110,-44
9417,112,-44
9418,114,-44
9419,116,-44
9420,118,-44
9421,120,-44
9422,122,-44
9423,124,-44
9424,126,-44
9425,128,-44
9426,130,-44
9427,132,-44
9428,134,-44
9429,136,-44
9430,138,-44
9431,140,-44
9432,142,-44
9433,144,-44
9434,146,-44
9435,148,-44
9436,150,-44
9437,152,-44
9438,154,-44
9439,156,-44
9440,158,-44
9441,160,-44
9442,162,-44
9443,164,-44
9444,166,-44
9445,168,-44
9447,172,-44
9448,174,-44
9449,176,-44
9450,178,-44
9451,180,-44
9452,182,-44
9453,184,-44
9454,186,-44
9455,188,-44
9456,190,-44
9457,192,-44
9458,194,-44
9459,196,-44
9460,198,-44
9461,200,-44
9462,202,-44
9463,204,-44
9464,206,-44
9465,208,-44
9466,210,-44
9467,212,-44
9468,214,-44
9469,216,-44
9470,218,-44
9471,220,-44
9472,222,-44
9473,224,-44
9474,226,-44
9475,228,-44
9476,230,-44
9477,232,-44
9478,234,-44
9479,236,-44
9480,238,-44
9481,240,-44
9482,242,-44
9483,244,-44
9484,246,-44
9485,248,-44
9486,250,-44
9487,252,-44
9488,254,-44
9489,256,-44
9490,258,-44
9491,260,-44
9492,262,-44
9493,264,-44
9494,266,-44
9495,268,-44
9496,270,-44
9497,272,-44
9498,274,-44
9499,276,-44
9500,278,-44
9501,280,-44
9502,282,-44
9503,284,-44
9504,286,-44
9509,296,-44
9510,298,-44
9511,300,-44
9512,302,-44
9513,304,-44
9514,306,-44
9515,308,-44
9516,310,-44
9517,312,-44
9518,314,-44
9519,316,-44
9520,318,-44
9521,320,-44
9522,322,-44
9523,324,-44
9524,326,-44
9525,328,-44
9526,330,-44
9527,332,-44
9528,334,-44
9529,336,-44
9530,338,-44
9531,340,-44
9532,342,-44
9533,344,-44
9534,346,-44
9535,348,-44
9536,350,-44
9537,352,-44
9538,354,-44
9539,356,-44
9540,358,-44
9541,0,-46
9542,2,-46
9543,4,-46
9544,6,-46
9545,8,-46
9546,10,-46
9547,12,-46
9548,14,-46
9549,16,-46
9550,18,-46
9551,20,-46
9552,22,-46
9553,24,-46
9554,26,-46
9555,28,-46
9556,30,-46
9557,32,-46
9558,34,-46
9559,36,-46
9560,38,-46
9561,40,-46
9562,42,-46
9563,44,-46
9564,46,-46
9565,48,-46
9566,50,-46
9567,52,-46
9568,54,-46
9569,56,-46
9570,58,-46
9571,60,-46
9572,62,-46
9573,64,-46
9574,66,-46
9575,68,-46
9576,70,-46
9577,72,-46
9578,74,-46
9579,76,-46
9580,78,-46
9581,80,-46
9582,82,-46
9583,84,-46
9584,86,-46
9585,88,-46
9586,90,-46
9587,92,-46
9588,94,-46
9589,96,-46
9590,98,-46
9591,100,-46
9592,102,-46
9593,104,-46
9594,106,-46
9595,108,-46
9596,110,-46
9597,112,-46
9598,114,-46
9599,116,-46
9600,118,-46
9601,120,-46
9602,122,-46
9603,124,-46
9604,126,-46
9605,128,-46
9606,130,-46
9607,132,-46
9608,134,-46
9609,136,-46
9610,138,-46
9611,140,-46
9612,142,-46
9613,144,-46
9614,146,-46
9615,148,-46
9616,150,-46
9617,152,-46
9618,154,-46
9619,156,-46
9620,158,-46
9621,160,-46
9622,162,-46
9623,164,-46
9624,166,-46
9625,168,-46
9626,170,-46
9627,172,-46
9628,174,-46
9629,176,-46
9630,178,-46
9631,180,-46
9632,182,-46
9633,184,-46
9634,186,-46
9635,188,-46
9636,190,-46
9637,192,-46
9638,194,-46
9639,196,-46
9640,198,-46
9641,200,-46
9642,202,-46
9643,204,-46
9644,206,-46
9645,208,-46
9646,210,-46
9647,212,-46
9648,214,-46
9649,216,-46
9650,218,-46
9651,220,-46
9652,222,-46
9653,224,-46
9654,226,-46
9655,228,-46
9656,230,-46
9657,232,-46
9658,234,-46
9659,236,-46
9660,238,-46
9661,240,-46
9662,242,-46
9663,244,-46
9664,246,-46
9665,248,-46
9666,250,-46
9667,252,-46
9668,254,-46
9669,256,-46
9670,258,-46
9671,260,-46
9672,262,-46
9673,264,-46
9674,266,-46
9675,268,-46
9676,270,-46
9677,272,-46
9678,274,-46
9679,276,-46
9680,278,-46
9681,280,-46
9682,282,-46
9683,284,-46
9684,286,-46
9688,294,-46
9689,296,-46
9690,298,-46
9691,300,-46
9692,302,-46
9693,304,-46
9694,306,-46
9695,308,-46
9696,310,-46
9697,312,-46
9698,314,-46
9699,316,-46
9700,318,-46
9701,320,-46
9702,322,-46
9703,324,-46
9704,326,-46
9705,328,-46
9706,330,-46
9707,332,-46
9708,334,-46
9709,336,-46
9710,338,-46
9711,340,-46
9712,342,-46
9713,344,-46
9714,346,-46
9715,348,-46
9716,350,-46
9717,352,-46
9718,354,-46
9719,356,-46
9720,358,-46
9721,0,-48
9722,2,-48
9723,4,-48
9724,6,-48
9725,8,-48
9726,10,-48
9727,12,-48
9728,14,-48
9729,16,-48
9730,18,-48
9731,20,-48
9732,22,-48
9733,24,-48
9734,26,-48
9735,28,-48
9736,30,-48
9737,32,-48
9738,34,-48
9739,36,-48
9740,38,-48
9741,40,-48
9742,42,-48
9743,44,-48
9744,46,-48
9745,48,-48
9746,50,-48
9747,52,-48
9748,54,-48
9749,56,-48
9750,58,-48
9751,60,-48
9752,62,-48
9753,64,-48
9754,66,-48
9755,68,-48
9756,70,-48
9757,72,-48
9758,74,-48
9759,76,-48
9760,78,-48
9761,80,-48
9762,82,-48
9763,84,-48
9764,86,-48
9765,88,-48
9766,90,-48
9767,92,-48
9768,94,-48
9769,96,-48
9770,98,-48
9771,100,-48
9772,102,-48
9773,104,-48
9774,106,-48
9775,108,-48
9776,110,-48
9777,112,-48
9778,114,-48
9779,116,-48
9780,118,-48
9781,120,-48
9782,122,-48
9783,124,-48
9784,126,-48
9785,128,-48
9786,130,-48
9787,132,-48
9788,134,-48
9789,136,-48
9790,138,-48
9791,140,-48
9792,142,-48
9793,144,-48
9794,146,-48
9795,148,-48
9796,150,-48
9797,152,-48
9798,154,-48
9799,156,-48
9800,158,-48
9801,160,-48
9802,162,-48
9803,164,-48
9804,166,-48
9805,168,-48
9806,170,-48
9807,172,-48
9808,174,-48
9809,176,-48
9810,178,-48
9811,180,-48
9812,182,-48
9813,184,-48
9814,186,-48
9815,188,-48
9816,190,-48
9817,192,-48
9818,194,-48
9819,196,-48
9820,198,-48
9821,200,-48
9822,202,-48
9823,204,-48
9824,206,-48
9825,208,-48
9826,210,-48
9827,212,-48
9828,214,-48
9829,216,-48
9830,218,-48
9831,220,-48
9832,222,-48
9833,224,-48
9834,226,-48
9835,228,-48
9836,230,-48
9837,232,-48
9838,234,-48
9839,236,-48
9840,238,-48
9841,240,-48
9842,242,-48
9843,244,-48
9844,246,-48
9845,248,-48
9846,250,-48
9847,252,-48
9848,254,-48
9849,256,-48
9850,258,-48
9851,260,-48
9852,262,-48
9853,264,-48
9854,266,-48
9855,268,-48
9856,270,-48
9857,272,-48
9858,274,-48
9859,276,-48
9860,278,-48
9861,280,-48
9862,282,-48
9863,284,-48
9864,286,-48
9868,294,-48
9869,296,-48
9870,298,-48
9871,300,-48
9872,302,-48
9873,304,-48
9874,306,-48
9875,308,-48
9876,310,-48
9877,312,-48
9878,314,-48
9879,316,-48
9880,318,-48
9881,320,-48
9882,322,-48
9883,324,-48
9884,326,-48
9885,328,-48
9886,330,-48
9887,332,-48
9888,334,-48
9889,336,-48
9890,338,-48
9891,340,-48
9892,342,-48
9893,344,-48
9894,346,-48
9895,348,-48
9896,350,-48
9897,352,-48
9898,354,-48
9899,356,-48
9900,358,-48
9901,0,-50
9902,2,-50
9903,4,-50
9904,6,-50
9905,8,-50
9906,10,-50
9907,12,-50
9908,14,-50
9909,16,-50
9910,18,-50
9911,20,-50
9912,22,-50
9913,24,-50
9914,26,-50
9915,28,-50
9916,30,-50
9917,32,-50
9918,34,-50
9919,36,-50
9920,38,-50
9921,40,-50
9922,42,-50
9923,44,-50
9924,46,-50
9925,48,-50
9926,50,-50
9927,52,-50
9928,54,-50
9929,56,-50
9930,58,-50
9931,60,-50
9932,62,-50
9933,64,-50
9934,66,-50
9935,68,-50
9936,70,-50
9937,72,-50
9938,74,-50
9939,76,-50
9940,78,-50
9941,80,-50
9942,82,-50
9943,84,-50
9944,86,-50
9945,88,-50
9946,90,-50
9947,92,-50
9948,94,-50
9949,96,-50
9950,98,-50
9951,100,-50
9952,102,-50
9953,104,-50
9954,106,-50
9955,108,-50
9956,110,-50
9957,112,-50
9958,114,-50
9959,116,-50
9960,118,-50
9961,120,-50
9962,122,-50
9963,124,-50
9964,126,-50
9965,128,-50
9966,130,-50
9967,132,-50
9968,134,-50
9969,136,-50
9970,138,-50
9971,140,-50
9972,142,-50
9973,144,-50
9974,146,-50
9975,148,-50
9976,150,-50
9977,152,-50
9978,154,-50
9979,156,-50
9980,158,-50
9981,160,-50
9982,162,-50
9983,164,-50
9984,166,-50
9985,168,-50
9986,170,-50
9987,172,-50
9988,174,-50
9989,176,-50
9990,178,-50
9991,180,-50
9992,182,-50
9993,184,-50
9994,186,-50
9995,188,-50
9996,190,-50
9997,192,-50
9998,194,-50
9999,196,-50
10000,198,-50
10001,200,-50
10002,202,-50
10003,204,-50
10004,206,-50
10005,208,-50
10006,210,-50
10007,212,-50
10008,214,-50
10009,216,-50
10010,218,-50
10011,220,-50
10012,222,-50
10013,224,-50
10014,226,-50
10015,228,-50
10016,230,-50
10017,232,-50
10018,234,-50
10019,236,-50
10020,238,-50
10021,240,-50
10022,242,-50
10023,244,-50
10024,246,-50
10025,248,-50
10026,250,-50
10027,252,-50
10028,254,-50
10029,256,-50
10030,258,-50
10031,260,-50
10032,262,-50
10033,264,-50
10034,266,-50
10035,268,-50
10036,270,-50
10037,272,-50
10038,274,-50
10039,276,-50
10040,278,-50
10041,280,-50
10042,282,-50
10043,284,-50
10044,286,-50
10047,292,-50
10048,294,-50
10049,296,-50
10050,298,-50
10051,300,-50
10052,302,-50
10053,304,-50
10054,306,-50
10055,308,-50
10056,310,-50
10057,312,-50
10058,314,-50
10059,316,-50
10060,318,-50
10061,320,-50
10062,322,-50
10063,324,-50
10064,326,-50
10065,328,-50
10066,330,-50
10067,332,-50
10068,334,-50
10069,336,-50
10070,338,-50
10071,340,-50
10072,342,-50
10073,344,-50
10074,346,-50
10075,348,-50
10076,350,-50
10077,352,-50
10078,354,-50
10079,356,-50
10080,358,-50
10081,0,-52
10082,2,-52
10083,4,-52
10084,6,-52
10085,8,-52
10086,10,-52
10087,12,-52
10094,26,-52
10095,28,-52
10096,30,-52
10097,32,-52
10098,34,-52
10099,36,-52
10100,38,-52
10101,40,-52
10102,42,-52
10103,44,-52
10104,46,-52
10105,48,-52
10106,50,-52
10107,52,-52
10108,54,-52
10109,56,-52
10110,58,-52
10111,60,-52
10112,62,-52
10113,64,-52
10114,66,-52
10115,68,-52
10116,70,-52
10117,72,-52
10118,74,-52
10119,76,-52
10120,78,-52
10121,80,-52
10122,82,-52
10123,84,-52
10124,86,-52
10125,88,-52
10126,90,-52
10127,92,-52
10128,94,-52
10129,96,-52
10130,98,-52
10131,100,-52
10132,102,-52
10133,104,-52
10134,106,-52
10135,108,-52
10136,110,-52
10137,112,-52
10138,114,-52
10139,116,-52
10140,118,-52
10141,120,-52
10142,122,-52
10143,124,-52
10144,126,-52
10145,128,-52
10146,130,-52
10147,132,-52
10148,134,-52
10149,136,-52
10150,138,-52
10151,140,-52
10152,142,-52
10153,144,-52
10154,146,-52
10155,148,-52
10156,150,-52
10157,152,-52
10158,154,-52
10159,156,-52
10160,158,-52
10161,160,-52
10162,162,-52
10163,164,-52
10164,166,-52
10165,168,-52
10166,170,-52
10167,172,-52
10168,174,-52
10169,176,-52
10170,178,-52
10171,180,-52
10172,182,-52
10173,184,-52
10174,186,-52
10175,188,-52
10176,190,-52
10177,192,-52
10178,194,-52
10179,196,-52
10180,198,-52
10181,200,-52
10182,202,-52
10183,204,-52
10184,206,-52
10185,208,-52
10186,210,-52
10187,212,-52
10188,214,-52
10189,216,-52
10190,218,-52
10191,220,-52
10192,222,-52
10193,224,-52
10194,226,-52
10195,228,-52
10196,230,-52
10197,232,-52
10198,234,-52
10199,236,-52
10200,238,-52
10201,240,-52
10202,242,-52
10203,244,-52
10204,246,-52
10205,248,-52
10206,250,-52
10207,252,-52
10208,254,-52
10209,256,-52
10210,258,-52
10211,260,-52
10212,262,-52
10213,264,-52
10214,266,-52
10215,268,-52
10216,270,-52
10217,272,-52
10218,274,-52
10219,276,-52
10220,278,-52
10221,280,-52
10222,282,-52
10223,284,-52
10224,286,-52
10226,290,-52
10227,292,-52
10228,294,-52
10229,296,-52
10230,298,-52
10231,300,-52
10232,302,-52
10233,304,-52
10234,306,-52
10235,308,-52
10236,310,-52
10237,312,-52
10238,314,-52
10239,316,-52
10240,318,-52
10241,320,-52
10242,322,-52
10243,324,-52
10244,326,-52
10245,328,-52
10246,330,-52
10247,332,-52
10248,334,-52
10249,336,-52
10250,338,-52
10251,340,-52
10254,346,-52
10255,348,-52
10256,350,-52
10257,352,-52
10258,354,-52
10259,356,-52
10260,358,-52
10281,40,-54
10282,42,-54
10284,46,-54
10285,48,-54
10286,50,-54
10287,52,-54
10288,54,-54
10289,56,-54
10290,58,-54
10291,60,-54
10292,62,-54
10293,64,-54
10294,66,-54
10295,68,-54
10296,70,-54
10299,76,-54
10300,78,-54
10301,80,-54
10302,82,-54
10303,84,-54
10304,86,-54
10305,88,-54
10306,90,-54
10307,92,-54
10308,94,-54
10309,96,-54
10310,98,-54
10311,100,-54
10312,102,-54
10313,104,-54
10314,106,-54
10315,108,-54
10316,110,-54
10317,112,-54
10318,114,-54
10319,116,-54
10320,118,-54
10321,120,-54
10322,122,-54
10323,124,-54
10324,126,-54
10325,128,-54
10326,130,-54
10327,132,-54
10328,134,-54
10329,136,-54
10330,138,-54
10331,140,-54
10332,142,-54
10333,144,-54
10334,146,-54
10335,148,-54
10336,150,-54
10337,152,-54
10338,154,-54
10339,156,-54
10340,158,-54
10341,160,-54
10342,162,-54
10343,164,-54
10344,166,-54
10345,168,-54
10346,170,-54
10347,172,-54
10348,174,-54
10349,176,-54
10350,178,-54
10351,180,-54
10352,182,-54
10353,184,-54
10354,186,-54
10355,188,-54
10356,190,-54
10357,192,-54
10358,194,-54
10359,196,-54
10360,198,-54
10361,200,-54
10362,202,-54
10363,204,-54
10364,206,-54
10365,208,-54
10366,210,-54
10367,212,-54
10368,214,-54
10369,216,-54
10370,218,-54
10371,220,-54
10372,222,-54
10373,224,-54
10374,226,-54
10375,228,-54
10376,230,-54
10377,232,-54
10378,234,-54
10379,236,-54
10380,238,-54
10381,240,-54
10382,242,-54
10383,244,-54
10384,246,-54
10385,248,-54
10386,250,-54
10387,252,-54
10388,254,-54
10389,256,-54
10390,258,-54
10391,260,-54
10392,262,-54
10393,264,-54
10394,266,-54
10395,268,-54
10396,270,-54
10397,272,-54
10398,274,-54
10399,276,-54
10400,278,-54
10401,280,-54
10402,282,-54
10403,284,-54
10404,286,-54
10405,288,-54
10406,290,-54
10408,294,-54
10409,296,-54
10410,298,-54
10411,300,-54
10412,302,-54
10413,304,-54
10414,306,-54
10415,308,-54
10416,310,-54
10417,312,-54
10418,314,-54
10419,316,-54
10420,318,-54
10421,320,-54
10422,322,-54
10423,324,-54
10424,326,-54
10425,328,-54
10484,86,-56
10485,88,-56
10486,90,-56
10487,92,-56
10488,94,-56
10489,96,-56
10490,98,-56
10491,100,-56
10492,102,-56
10493,104,-56
10494,106,-56
10495,108,-56
10496,110,-56
10497,112,-56
10498,114,-56
10499,116,-56
10500,118,-56
10501,120,-56
10502,122,-56
10503,124,-56
10504,126,-56
10505,128,-56
10506,130,-56
10507,132,-56
10508,134,-56
10509,136,-56
10510,138,-56
10511,140,-56
10512,142,-56
10513,144,-56
10514,146,-56
10515,148,-56
10516,150,-56
10517,152,-56
10518,154,-56
10519,156,-56
10520,158,-56
10521,160,-56
10522,162,-56
10523,164,-56
10524,166,-56
10525,168,-56
10526,170,-56
10527,172,-56
10528,174,-56
10529,176,-56
10530,178,-56
10531,180,-56
10532,182,-56
10533,184,-56
10534,186,-56
10535,188,-56
10536,190,-56
10537,192,-56
10538,194,-56
10539,196,-56
10540,198,-56
10541,200,-56
10542,202,-56
10543,204,-56
10544,206,-56
10545,208,-56
10546,210,-56
10547,212,-56
10548,214,-56
10549,216,-56
10550,218,-56
10551,220,-56
10552,222,-56
10553,224,-56
10554,226,-56
10555,228,-56
10556,230,-56
10557,232,-56
10558,234,-56
10559,236,-56
10560,238,-56
10561,240,-56
10562,242,-56
10563,244,-56
10564,246,-56
10565,248,-56
10566,250,-56
10567,252,-56
10568,254,-56
10569,256,-56
10570,258,-56
10571,260,-56
10572,262,-56
10573,264,-56
10574,266,-56
10575,268,-56
10576,270,-56
10577,272,-56
10578,274,-56
10579,276,-56
10580,278,-56
10581,280,-56
10582,282,-56
10583,284,-56
10584,286,-56
10585,288,-56
10586,290,-56
10587,292,-56
10588,294,-56
10589,296,-56
10590,298,-56
10591,300,-56
10592,302,-56
10593,304,-56
10594,306,-56
10595,308,-56
10596,310,-56
10597,312,-56
10598,314,-56
10599,316,-56
10600,318,-56
10601,320,-56
10666,90,-58
10667,92,-58
10668,94,-58
10669,96,-58
10670,98,-58
10671,100,-58
10672,102,-58
10673,104,-58
10674,106,-58
10675,108,-58
10676,110,-58
10677,112,-58
10678,114,-58
10679,116,-58
10680,118,-58
10681,120,-58
10682,122,-58
10683,124,-58
10684,126,-58
10685,128,-58
10686,130,-58
10687,132,-58
10688,134,-58
10689,136,-58
10690,138,-58
10691,140,-58
10692,142,-58
10693,144,-58
10694,146,-58
10695,148,-58
10696,150,-58
10697,152,-58
10698,154,-58
10699,156,-58
10700,158,-58
10701,160,-58
10702,162,-58
10703,164,-58
10704,166,-58
10705,168,-58
10706,170,-58
10707,172,-58
10708,174,-58
10709,176,-58
10710,178,-58
10711,180,-58
10712,182,-58
10713,184,-58
10714,186,-58
10715,188,-58
10716,190,-58
10717,192,-58
10718,194,-58
10719,196,-58
10720,198,-58
10721,200,-58
10722,202,-58
10723,204,-58
10724,206,-58
10725,208,-58
10726,210,-58
10727,212,-58
10728,214,-58
10729,216,-58
10730,218,-58
10731,220,-58
10732,222,-58
10733,224,-58
10734,226,-58
10735,228,-58
10736,230,-58
10737,232,-58
10738,234,-58
10739,236,-58
10740,238,-58
10741,240,-58
10742,242,-58
10743,244,-58
10744,246,-58
10745,248,-58
10746,250,-58
10747,252,-58
10748,254,-58
10749,256,-58
10750,258,-58
10751,260,-58
10752,262,-58
10753,264,-58
10754,266,-58
10755,268,-58
10756,270,-58
10757,272,-58
10758,274,-58
10759,276,-58
10760,278,-58
10761,280,-58
10762,282,-58
10763,284,-58
10764,286,-58
10765,288,-58
10766,290,-58
10767,292,-58
10768,294,-58
10769,296,-58
10770,298,-58
10771,300,-58
10772,302,-58
10773,304,-58
10774,306,-58
10775,308,-58
10856,110,-60
10857,112,-60
10858,114,-60
10859,116,-60
10860,118,-60
10861,120,-60
10862,122,-60
10863,124,-60
10864,126,-60
10865,128,-60
10866,130,-60
10867,132,-60
10868,134,-60
10869,136,-60
10870,138,-60
10871,140,-60
10872,142,-60
10873,144,-60
10874,146,-60
10875,148,-60
10876,150,-60
10877,152,-60
10878,154,-60
10879,156,-60
10880,158,-60
10881,160,-60
10882,162,-60
10883,164,-60
10884,166,-60
10885,168,-60
10886,170,-60
10887,172,-60
10888,174,-60
10889,176,-60
10890,178,-60
10891,180,-60
10892,182,-60
10893,184,-60
10894,186,-60
10895,188,-60
10896,190,-60
10897,192,-60
10898,194,-60
10899,196,-60
10900,198,-60
10901,200,-60
10902,202,-60
10903,204,-60
10904,206,-60
10905,208,-60
10906,210,-60
10910,218,-60
10911,220,-60
10912,222,-60
10913,224,-60
10914,226,-60
10915,228,-60
10916,230,-60
10917,232,-60
10918,234,-60
10919,236,-60
10920,238,-60
10921,240,-60
10922,242,-60
10923,244,-60
10924,246,-60
10925,248,-60
10926,250,-60
10927,252,-60
10928,254,-60
10929,256,-60
10930,258,-60
10931,260,-60
10932,262,-60
10933,264,-60
10934,266,-60
10935,268,-60
10936,270,-60
10937,272,-60
10938,274,-60
10939,276,-60
10940,278,-60
10941,280,-60
10942,282,-60
10943,284,-60
10944,286,-60
10945,288,-60
10946,290,-60
10947,292,-60
10948,294,-60
10949,296,-60
10950,298,-60
